"Date","Price","Open","High","Low","Vol.","Change %"
"15-01-2025","437.35","436.60","441.80","435.35","9.79M","0.17%"
"14-01-2025","436.60","441.00","441.50","435.85","18.05M","-0.56%"
"13-01-2025","439.05","435.00","444.00","435.00","17.80M","-1.31%"
"10-01-2025","444.90","449.95","452.00","442.50","9.15M","-1.16%"
"09-01-2025","450.10","449.40","460.65","446.05","19.73M","0.12%"
"08-01-2025","449.55","443.00","452.05","437.10","13.48M","1.92%"
"07-01-2025","441.10","445.50","447.60","440.15","14.29M","-0.35%"
"06-01-2025","442.65","455.60","461.75","441.25","22.01M","-2.84%"
"03-01-2025","455.60","463.78","464.49","453.94","37.07M","-1.52%"
"02-01-2025","462.65","459.15","463.55","456.26","26.12M","1.05%"
"01-01-2025","457.82","459.76","460.57","456.12","18.23M","0.06%"
"31-12-2024","457.54","452.62","458.48","448.93","13.28M","1.39%"
"30-12-2024","451.25","454.80","455.46","450.30","13.07M","-0.33%"
"27-12-2024","452.76","453.85","455.88","450.30","16.28M","0.35%"
"26-12-2024","451.20","454.61","455.84","450.30","8.85M","-0.31%"
"24-12-2024","452.62","449.26","454.32","447.13","11.56M","0.89%"
"23-12-2024","448.65","445.76","451.91","442.36","18.84M","2.07%"
"20-12-2024","439.57","441.32","442.21","434.50","19.48M","-0.41%"
"19-12-2024","441.36","443.68","448.74","440.18","14.60M","-0.84%"
"18-12-2024","445.10","447.18","448.22","441.69","12.37M","0.20%"
"17-12-2024","444.20","444.63","450.11","438.05","19.84M","-0.12%"
"16-12-2024","444.72","444.86","448.79","442.73","9.01M","0.02%"
"13-12-2024","444.63","435.17","448.79","427.27","31.75M","2.04%"
"12-12-2024","435.73","440.37","442.64","434.36","12.88M","-1.00%"
"11-12-2024","440.13","441.98","442.92","439.61","6.75M","-0.04%"
"10-12-2024","440.32","440.23","441.27","437.63","8.82M","0.11%"
"09-12-2024","439.85","446.05","446.52","437.96","11.70M","-1.32%"
"06-12-2024","445.71","444.63","449.31","442.45","7.55M","0.78%"
"05-12-2024","442.26","442.31","447.23","437.53","26.42M","0.09%"
"04-12-2024","441.88","448.79","452.38","441.22","13.44M","-1.15%"
"03-12-2024","447.04","440.84","447.84","437.77","22.22M","-0.97%"
"02-12-2024","451.44","450.30","453.42","447.84","5.48M","0.09%"
"29-11-2024","451.01","447.65","453.05","447.09","8.35M","0.39%"
"28-11-2024","449.26","451.25","457.68","445.15","14.41M","-0.43%"
"27-11-2024","451.20","451.72","454.18","447.46","7.07M","-0.01%"
"26-11-2024","451.25","454.09","456.59","448.51","6.54M","0.04%"
"25-11-2024","451.06","453.14","456.17","446.90","13.89M","0.45%"
"22-11-2024","449.02","431.57","450.77","430.91","19.46M","3.83%"
"21-11-2024","432.47","436.11","439.00","430.81","19.56M","-2.18%"
"19-11-2024","442.12","442.73","448.17","441.08","6.86M","0.17%"
"18-11-2024","441.36","440.84","442.55","437.06","8.14M","0.13%"
"14-11-2024","440.80","445.76","447.42","437.30","11.64M","-1.32%"
"13-11-2024","446.71","444.67","449.07","442.97","11.12M","-0.14%"
"12-11-2024","447.32","451.82","452.15","445.71","5.04M","-0.86%"
"11-11-2024","451.20","452.24","455.51","448.51","5.49M","-0.23%"
"08-11-2024","452.24","452.10","454.75","448.98","6.09M","0.03%"
"07-11-2024","452.10","455.74","456.64","450.40","8.92M","-0.67%"
"06-11-2024","455.13","454.27","458.25","452.19","11.31M","0.19%"
"05-11-2024","454.27","456.88","458.86","451.20","7.33M","-0.91%"
"04-11-2024","458.44","466.81","466.81","453.66","8.43M","-1.16%"
"01-11-2024","463.83","464.49","465.53","462.88","1.46M","0.31%"
"31-10-2024","462.41","465.44","466.38","458.53","7.81M","-0.56%"
"30-10-2024","465.01","461.61","466.62","460.23","6.39M","0.74%"
"29-10-2024","461.61","458.82","462.79","455.32","6.87M","0.78%"
"28-10-2024","458.01","455.93","459.67","450.30","8.61M","0.38%"
"25-10-2024","456.26","450.11","466.86","448.60","30.96M","2.25%"
"24-10-2024","446.23","455.98","456.36","444.63","13.09M","-1.80%"
"23-10-2024","454.42","455.03","457.21","453.61","10.16M","-0.30%"
"22-10-2024","455.79","457.54","462.03","454.84","12.30M","-0.38%"
"21-10-2024","457.54","460.42","461.28","451.58","7.40M","-0.63%"
"18-10-2024","460.42","462.36","465.01","452.57","21.78M","-0.45%"
"17-10-2024","462.51","468.28","468.28","461.65","7.39M","-0.87%"
"16-10-2024","466.57","469.22","471.92","465.77","6.68M","-1.07%"
"15-10-2024","471.64","471.11","472.44","467.80","8.04M","0.32%"
"14-10-2024","470.12","464.49","472.06","462.27","6.71M","1.79%"
"11-10-2024","461.84","466.38","467.28","461.09","14.39M","-0.78%"
"10-10-2024","465.49","468.61","468.89","463.03","12.80M","0.07%"
"09-10-2024","465.15","482.28","482.28","464.07","23.95M","-3.20%"
"08-10-2024","480.53","482.47","484.88","478.68","9.50M","-0.44%"
"07-10-2024","482.66","479.63","487.15","479.39","16.48M","1.32%"
"04-10-2024","476.36","482.47","489.42","474.47","18.23M","-1.79%"
"03-10-2024","485.07","481.10","487.86","480.67","15.87M","-0.67%"
"01-10-2024","488.33","490.18","491.69","486.25","5.09M","-0.38%"
"30-09-2024","490.18","492.49","496.04","486.30","10.53M","-0.87%"
"27-09-2024","494.48","492.16","499.97","492.16","17.25M","-0.01%"
"26-09-2024","494.53","489.70","495.47","489.09","15.49M","1.00%"
"25-09-2024","489.61","487.67","491.27","484.64","8.48M","0.45%"
"24-09-2024","487.43","489.09","489.85","486.39","6.76M","-0.33%"
"23-09-2024","489.04","487.62","491.41","485.87","7.80M","0.50%"
"20-09-2024","486.63","484.36","489.42","480.58","23.81M","1.21%"
"19-09-2024","480.81","482.47","487.01","480.10","13.93M","0.18%"
"18-09-2024","479.96","480.43","484.74","477.83","5.43M","-0.08%"
"17-09-2024","480.34","483.46","485.83","478.92","10.49M","-0.66%"
"16-09-2024","483.51","488.05","489.09","482.18","7.53M","-0.54%"
"13-09-2024","486.11","491.45","491.93","484.36","8.83M","-1.09%"
"12-09-2024","491.45","487.29","492.40","481.10","18.38M","1.00%"
"11-09-2024","486.58","485.30","491.45","484.31","14.92M","0.15%"
"10-09-2024","485.87","484.26","487.20","481.28","10.91M","0.36%"
"09-09-2024","484.12","474.90","484.97","473.34","13.74M","2.00%"
"06-09-2024","474.61","484.36","484.36","470.31","13.72M","-1.86%"
"05-09-2024","483.60","480.91","484.26","479.68","10.90M","0.96%"
"04-09-2024","479.01","473.01","482.51","472.96","8.41M","-0.60%"
"03-09-2024","481.90","482.51","488.10","480.48","12.02M","-0.13%"
"02-09-2024","482.51","476.79","485.21","476.13","15.89M","1.62%"
"30-08-2024","474.80","474.85","481.66","473.20","14.95M","-0.63%"
"29-08-2024","477.83","471.11","480.29","470.50","18.67M","1.57%"
"28-08-2024","470.45","473.39","475.18","469.70","7.78M","-0.66%"
"27-08-2024","473.57","480.15","480.20","473.01","7.95M","-1.01%"
"26-08-2024","478.40","478.68","480.58","474.90","7.83M","-0.02%"
"23-08-2024","478.49","477.78","479.58","472.96","7.89M","0.25%"
"22-08-2024","477.31","480.43","481.05","474.38","8.36M","-0.17%"
"21-08-2024","478.11","473.01","481.52","472.11","8.47M","1.32%"
"20-08-2024","471.87","473.95","476.22","470.83","6.63M","-0.53%"
"19-08-2024","474.38","477.50","481.80","472.63","10.20M","-0.24%"
"16-08-2024","475.51","467.80","476.98","466.05","13.14M","2.12%"
"14-08-2024","465.63","465.39","472.06","463.45","9.25M","0.45%"
"13-08-2024","463.55","469.17","470.97","461.89","7.76M","-0.93%"
"12-08-2024","467.90","465.44","473.01","465.44","9.08M","-0.26%"
"09-08-2024","469.13","471.11","471.11","466.48","9.20M","0.23%"
"08-08-2024","468.04","467.33","471.11","465.91","20.56M","0.43%"
"07-08-2024","466.05","463.55","468.84","461.75","10.90M","1.31%"
"06-08-2024","460.05","460.00","465.15","457.92","13.72M","0.06%"
"05-08-2024","459.76","454.13","465.34","453.66","24.09M","-0.63%"
"02-08-2024","462.70","458.63","472.49","458.63","21.32M","-0.93%"
"01-08-2024","467.05","469.17","469.93","464.45","11.67M","-0.33%"
"31-07-2024","468.61","465.86","471.07","464.02","11.54M","1.11%"
"30-07-2024","463.45","469.51","470.92","462.27","13.38M","-1.24%"
"29-07-2024","469.27","478.21","478.87","467.38","12.50M","-1.22%"
"26-07-2024","475.09","467.38","479.06","461.09","20.74M","2.50%"
"25-07-2024","463.50","463.55","469.22","458.48","17.88M","-0.83%"
"24-07-2024","467.38","469.22","483.08","464.16","42.07M","0.38%"
"23-07-2024","465.63","441.36","470.55","441.22","54.04M","5.50%"
"22-07-2024","441.36","448.98","453.57","440.70","18.07M","-1.69%"
"19-07-2024","448.93","445.57","453.52","444.06","24.98M","0.91%"
"18-07-2024","444.86","438.00","445.48","437.67","21.09M","1.01%"
"16-07-2024","440.42","438.43","441.55","436.49","13.00M","0.46%"
"15-07-2024","438.38","434.27","441.27","432.52","16.25M","0.95%"
"12-07-2024","434.27","433.89","438.24","431.24","18.96M","0.09%"
"11-07-2024","433.89","425.71","434.69","424.48","18.83M","1.59%"
"10-07-2024","427.08","429.21","430.77","422.39","11.62M","-0.25%"
"09-07-2024","428.17","423.43","430.44","420.03","26.47M","2.03%"
"08-07-2024","419.65","411.66","420.55","410.24","20.52M","2.29%"
"05-07-2024","410.24","405.84","410.57","404.52","12.93M","1.07%"
"04-07-2024","405.89","406.79","408.20","403.99","9.13M","0.18%"
"03-07-2024","405.18","403.10","406.45","402.53","7.16M","0.66%"
"02-07-2024","402.53","406.79","407.40","399.74","10.76M","-0.83%"
"01-07-2024","405.89","403.29","407.02","401.72","12.89M","0.98%"
"28-06-2024","401.96","402.53","404.89","400.64","17.87M","-0.16%"
"27-06-2024","402.62","401.06","404.18","398.37","37.01M","0.39%"
"26-06-2024","401.06","400.16","403.38","399.27","11.08M","0.15%"
"25-06-2024","400.45","400.16","401.11","397.09","10.26M","0.00%"
"24-06-2024","400.45","397.33","401.06","397.33","9.36M","0.88%"
"21-06-2024","396.95","402.06","402.34","395.95","25.21M","-0.87%"
"20-06-2024","400.45","401.16","403.48","398.74","14.59M","-0.08%"
"19-06-2024","400.78","406.79","407.49","400.21","10.91M","-1.19%"
"18-06-2024","405.60","409.62","410.76","405.08","14.10M","-0.56%"
"14-06-2024","407.87","407.73","408.58","405.89","9.22M","0.20%"
"13-06-2024","407.07","413.31","413.31","406.55","9.28M","-0.46%"
"12-06-2024","408.96","407.31","410.95","406.98","10.35M","-0.16%"
"11-06-2024","409.62","413.41","414.16","408.91","12.67M","-0.89%"
"10-06-2024","413.31","416.25","417.19","412.32","11.43M","-0.51%"
"07-06-2024","415.44","408.11","417.81","407.83","28.45M","0.86%"
"06-06-2024","411.89","412.46","414.07","407.83","31.12M","1.19%"
"05-06-2024","407.07","399.22","412.46","395.48","27.15M","3.64%"
"04-06-2024","392.79","403.00","403.29","381.10","46.02M","-3.52%"
"03-06-2024","407.12","410.57","411.42","405.51","15.52M","0.91%"
"31-05-2024","403.43","403.71","406.36","401.35","28.21M","0.61%"
"30-05-2024","400.97","405.37","407.68","399.55","20.52M","-1.65%"
"29-05-2024","407.68","402.53","409.06","402.53","10.43M","0.45%"
"28-05-2024","405.84","408.77","409.15","405.13","9.31M","-0.58%"
"27-05-2024","408.20","415.11","415.20","407.45","11.83M","-1.08%"
"24-05-2024","412.65","417.19","418.56","411.80","12.76M","-1.17%"
"23-05-2024","417.52","417.57","420.88","412.98","26.23M","0.33%"
"22-05-2024","416.15","413.74","418.09","411.89","10.63M","1.17%"
"21-05-2024","411.33","412.46","413.50","409.81","10.76M","-5.80%"
"18-05-2024","436.65","437.00","437.65","435.20","713.86K","5.79%"
"17-05-2024","412.74","409.06","413.88","405.74","11.45M","1.12%"
"16-05-2024","408.16","406.79","409.24","400.07","23.03M","0.85%"
"15-05-2024","404.70","407.49","409.86","403.71","7.57M","-0.44%"
"14-05-2024","406.50","407.26","409.91","405.41","11.00M","-0.50%"
"13-05-2024","408.54","409.86","411.94","406.31","7.30M","-0.35%"
"10-05-2024","409.95","403.48","412.79","403.48","13.99M","1.94%"
"09-05-2024","402.15","416.29","417.67","400.49","23.41M","-3.61%"
"08-05-2024","417.19","417.43","420.69","414.54","10.51M","0.15%"
"07-05-2024","416.58","413.31","421.92","411.70","25.97M","1.29%"
"06-05-2024","411.28","414.35","416.67","409.95","10.36M","-0.39%"
"03-05-2024","412.89","416.29","416.29","408.06","22.90M","-0.58%"
"02-05-2024","415.30","412.46","418.70","411.37","23.23M","0.77%"
"30-04-2024","412.13","416.20","416.72","411.61","12.06M","-0.58%"
"29-04-2024","414.54","418.14","418.56","411.14","11.63M","-0.41%"
"26-04-2024","416.25","415.54","419.37","412.84","14.77M","0.56%"
"25-04-2024","413.93","407.73","414.64","405.84","29.21M","2.02%"
"24-04-2024","405.74","406.08","407.54","405.18","5.85M","-0.07%"
"23-04-2024","406.03","402.34","407.26","402.15","12.02M","0.92%"
"22-04-2024","402.34","403.95","404.52","400.49","7.11M","0.13%"
"19-04-2024","401.82","395.43","403.24","393.54","16.58M","1.41%"
"18-04-2024","396.24","403.00","403.85","395.10","21.31M","-1.66%"
"16-04-2024","402.91","400.40","403.95","400.35","9.97M","0.00%"
"15-04-2024","402.91","404.89","405.98","400.07","8.75M","-0.98%"
"12-04-2024","406.88","411.52","412.23","405.18","18.09M","-1.57%"
"10-04-2024","413.36","405.18","414.16","402.77","14.01M","2.49%"
"09-04-2024","403.33","407.21","408.20","402.58","6.71M","-0.64%"
"08-04-2024","405.93","405.18","408.11","404.66","8.52M","0.36%"
"05-04-2024","404.47","399.69","408.39","397.28","16.15M","1.14%"
"04-04-2024","399.93","402.58","404.28","397.23","18.36M","-0.58%"
"03-04-2024","402.24","403.00","405.65","398.27","12.66M","-0.15%"
"02-04-2024","402.86","405.56","405.56","401.68","8.85M","-0.20%"
"01-04-2024","403.66","405.93","408.06","402.77","9.38M","-0.39%"
"28-03-2024","405.23","404.89","409.86","403.95","27.93M","0.08%"
"27-03-2024","404.89","403.95","405.74","403.43","12.23M","0.08%"
"26-03-2024","404.56","402.58","406.03","402.58","10.27M","-0.22%"
"22-03-2024","405.46","398.51","406.45","398.51","38.86M","1.74%"
"21-03-2024","398.51","396.38","399.22","393.73","19.23M","1.34%"
"20-03-2024","393.26","387.86","394.16","387.44","19.61M","1.50%"
"19-03-2024","387.44","395.43","396.90","386.64","20.99M","-1.89%"
"18-03-2024","394.91","396.38","397.99","394.39","15.93M","-0.39%"
"15-03-2024","396.47","394.68","405.41","392.83","73.25M","-0.13%"
"14-03-2024","396.99","399.17","402.53","395.43","30.76M","-0.66%"
"13-03-2024","399.64","411.52","414.35","398.41","101.61M","4.45%"
"12-03-2024","382.61","384.55","384.55","377.79","34.88M","-1.21%"
"11-03-2024","387.30","394.30","395.72","385.97","17.62M","-1.00%"
"07-03-2024","391.22","385.83","392.55","381.86","23.02M","1.40%"
"06-03-2024","385.83","384.55","387.82","379.07","11.11M","0.42%"
"05-03-2024","384.22","387.53","389.19","382.14","9.73M","-0.72%"
"04-03-2024","387.01","389.99","390.66","386.40","6.84M","-6.08%"
"02-03-2024","412.05","410.40","412.80","410.40","974.82K","6.37%"
"01-03-2024","387.39","386.83","390.85","385.50","12.40M","0.79%"
"29-02-2024","384.36","386.92","388.86","382.66","14.90M","-0.49%"
"28-02-2024","386.26","388.95","390.09","384.84","8.62M","-0.69%"
"27-02-2024","388.95","387.86","390.47","386.49","7.78M","0.48%"
"26-02-2024","387.11","388.91","390.75","385.31","7.98M","-0.53%"
"23-02-2024","389.19","393.45","393.45","388.34","11.15M","-0.74%"
"22-02-2024","392.08","384.93","392.74","381.67","18.60M","2.75%"
"21-02-2024","381.57","385.03","387.96","379.64","19.41M","-0.68%"
"20-02-2024","384.18","388.29","388.29","382.47","14.08M","-0.77%"
"19-02-2024","387.16","383.14","390.47","382.76","16.95M","1.15%"
"16-02-2024","382.76","383.14","387.44","377.84","37.52M","0.17%"
"15-02-2024","382.10","390.70","392.17","381.39","20.38M","-1.86%"
"14-02-2024","389.33","384.08","389.99","382.57","12.15M","1.18%"
"13-02-2024","384.79","384.93","388.62","381.53","15.61M","-0.02%"
"12-02-2024","384.89","395.01","395.43","384.13","10.91M","-2.08%"
"09-02-2024","393.07","387.96","401.30","386.54","32.28M","0.23%"
"08-02-2024","392.17","405.84","405.93","386.54","48.18M","-3.99%"
"07-02-2024","408.49","411.52","411.52","407.54","12.88M","0.09%"
"06-02-2024","408.11","416.25","417.10","406.31","18.76M","-1.52%"
"05-02-2024","414.40","418.14","419.70","412.98","12.04M","-0.47%"
"02-02-2024","416.34","420.98","423.06","415.77","17.16M","-0.63%"
"01-02-2024","418.99","418.14","423.58","415.58","19.17M","0.31%"
"31-01-2024","417.71","416.25","418.61","415.02","19.88M","0.80%"
"30-01-2024","414.40","422.87","429.21","413.79","43.51M","-2.61%"
"29-01-2024","425.52","431.29","432.56","423.34","17.87M","-1.28%"
"25-01-2024","431.05","438.52","439.85","427.69","19.68M","-1.71%"
"24-01-2024","438.57","435.26","442.17","433.37","21.63M","0.94%"
"23-01-2024","434.50","448.17","448.17","431.76","8.40M","-7.24%"
"20-01-2024","468.40","473.40","475.00","468.00","3.30M","5.01%"
"19-01-2024","446.05","443.25","447.46","441.22","12.20M","1.29%"
"18-01-2024","440.37","440.13","442.59","430.01","9.14M","-0.24%"
"17-01-2024","441.41","445.95","451.25","440.08","11.11M","-1.21%"
"16-01-2024","446.80","442.55","449.36","439.19","12.07M","1.01%"
"15-01-2024","442.36","444.63","445.10","440.94","6.90M","0.19%"
"12-01-2024","441.50","438.24","442.45","435.50","9.35M","0.88%"
"11-01-2024","437.67","439.05","441.36","436.21","6.53M","-0.14%"
"10-01-2024","438.29","439.47","441.55","435.21","5.90M","-0.27%"
"09-01-2024","439.47","442.26","444.58","438.62","5.70M","-0.20%"
"08-01-2024","440.37","449.36","449.83","439.47","8.00M","-1.78%"
"05-01-2024","448.36","453.52","453.52","446.52","9.21M","-0.51%"
"04-01-2024","450.68","454.09","455.46","448.60","11.79M","-0.18%"
"03-01-2024","451.48","444.86","454.75","444.01","24.04M","1.47%"
"02-01-2024","444.96","444.63","445.90","438.57","10.52M","0.49%"
"01-01-2024","442.78","438.48","444.58","437.67","9.35M","1.29%"
"29-12-2023","437.15","439.05","442.64","436.44","12.89M","-0.43%"
"28-12-2023","439.05","432.52","439.61","431.48","20.70M","1.53%"
"27-12-2023","432.42","432.33","433.75","429.25","7.54M","0.14%"
"26-12-2023","431.81","431.43","434.13","430.15","5.87M","0.27%"
"22-12-2023","430.63","428.54","431.29","426.23","11.03M","0.83%"
"21-12-2023","427.08","424.76","429.25","420.45","11.15M","0.10%"
"20-12-2023","426.65","434.22","434.46","425.04","10.37M","-1.12%"
"19-12-2023","431.48","428.88","433.27","427.64","10.27M","0.99%"
"18-12-2023","427.27","430.44","431.38","426.04","12.03M","-1.43%"
"15-12-2023","433.46","436.96","437.96","430.44","15.79M","-0.41%"
"14-12-2023","435.26","435.17","436.11","425.19","14.37M","0.98%"
"13-12-2023","431.05","431.67","434.08","428.64","11.28M","0.56%"
"12-12-2023","428.64","429.68","435.17","427.93","10.16M","0.14%"
"11-12-2023","428.02","427.13","429.11","425.04","6.60M","0.73%"
"08-12-2023","424.90","435.12","436.68","424.29","18.67M","-1.95%"
"07-12-2023","433.37","439.66","439.71","432.71","11.31M","-1.11%"
"06-12-2023","438.24","429.39","439.42","427.69","20.42M","2.55%"
"05-12-2023","427.36","430.44","433.08","425.80","12.14M","-0.51%"
"04-12-2023","429.54","430.44","431.76","426.65","12.80M","0.94%"
"01-12-2023","425.52","414.26","426.61","413.79","19.34M","3.21%"
"30-11-2023","412.27","413.12","414.78","411.04","15.13M","-0.32%"
"29-11-2023","413.60","412.46","414.83","410.71","13.79M","0.45%"
"28-11-2023","411.75","414.35","415.30","411.42","8.75M","-0.58%"
"24-11-2023","414.16","417.19","418.37","413.27","6.82M","-0.58%"
"23-11-2023","416.58","417.14","418.37","414.59","6.37M","0.15%"
"22-11-2023","415.96","413.41","416.62","411.33","4.89M","0.79%"
"21-11-2023","412.70","413.55","415.58","411.99","6.00M","-0.13%"
"20-11-2023","413.22","416.10","416.53","411.04","4.34M","-0.56%"
"17-11-2023","415.54","415.54","417.67","414.64","6.66M","0.14%"
"16-11-2023","414.97","418.09","420.50","413.98","10.86M","-0.75%"
"15-11-2023","418.09","414.45","418.61","413.88","7.44M","1.36%"
"13-11-2023","412.46","414.73","414.73","411.52","3.74M","-5.93%"
"12-11-2023","438.45","438.85","439.20","438.15","1.18M","6.17%"
"10-11-2023","412.98","410.95","414.35","409.15","4.08M","0.49%"
"09-11-2023","410.95","414.16","414.35","410.48","7.79M","-0.58%"
"08-11-2023","413.36","409.77","413.88","408.96","6.98M","0.98%"
"07-11-2023","409.34","411.42","411.42","408.82","5.12M","-0.61%"
"06-11-2023","411.85","410.10","413.22","409.20","7.31M","0.48%"
"03-11-2023","409.86","409.43","410.95","407.83","13.80M","0.49%"
"02-11-2023","407.87","406.83","409.34","405.51","8.15M","0.71%"
"01-11-2023","404.99","406.79","407.83","402.53","7.99M","-0.07%"
"31-10-2023","405.27","406.79","409.95","404.80","8.62M","-0.48%"
"30-10-2023","407.21","411.09","413.55","405.23","7.62M","-0.76%"
"27-10-2023","410.33","410.90","413.22","408.87","13.13M","-0.14%"
"26-10-2023","410.90","406.36","413.03","406.36","18.80M","0.38%"
"25-10-2023","409.34","413.31","414.35","403.99","10.89M","-0.73%"
"23-10-2023","412.37","414.35","416.20","409.72","7.28M","-0.55%"
"20-10-2023","414.64","420.98","424.76","413.74","13.02M","-2.69%"
"19-10-2023","426.08","425.47","430.34","422.73","9.47M","-0.28%"
"18-10-2023","427.27","429.73","433.46","426.65","6.89M","-0.40%"
"17-10-2023","428.97","425.52","429.96","424.76","6.94M","1.00%"
"16-10-2023","424.71","423.81","426.65","422.11","4.21M","0.13%"
"13-10-2023","424.14","425.56","427.41","422.87","7.63M","-0.52%"
"12-10-2023","426.37","425.38","428.07","422.06","11.77M","0.55%"
"11-10-2023","424.05","423.06","425.19","420.79","7.65M","0.87%"
"10-10-2023","420.41","416.67","420.83","416.67","5.01M","0.90%"
"09-10-2023","416.67","417.14","419.27","413.64","5.61M","-0.38%"
"06-10-2023","418.28","414.21","419.65","413.08","8.42M","1.40%"
"05-10-2023","412.51","416.25","416.72","411.56","10.03M","-0.01%"
"04-10-2023","412.56","416.01","417.85","409.91","13.40M","-0.83%"
"03-10-2023","416.01","417.19","418.99","415.54","7.48M","-1.05%"
"29-09-2023","420.41","418.14","421.54","415.49","8.16M","0.83%"
"28-09-2023","416.95","425.66","425.66","415.87","10.22M","-1.87%"
"27-09-2023","424.90","418.56","425.52","415.11","10.49M","1.51%"
"26-09-2023","418.56","419.65","420.50","415.96","5.33M","-0.03%"
"25-09-2023","418.70","419.18","420.79","414.68","5.78M","-0.11%"
"22-09-2023","419.18","423.34","424.19","418.37","7.51M","-0.98%"
"21-09-2023","423.34","428.36","429.06","420.50","10.72M","-1.20%"
"20-09-2023","428.50","427.31","430.53","425.28","9.96M","0.20%"
"18-09-2023","427.64","424.14","429.49","422.11","8.20M","0.83%"
"15-09-2023","424.14","423.86","427.69","422.87","15.08M","-0.36%"
"14-09-2023","425.66","431.29","431.29","423.01","14.43M","-0.78%"
"13-09-2023","429.02","427.79","432.33","426.75","11.81M","0.52%"
"12-09-2023","426.79","424.67","429.77","421.54","14.41M","0.88%"
"11-09-2023","423.06","421.92","423.91","418.75","9.32M","1.03%"
"08-09-2023","418.75","423.72","423.72","418.00","9.94M","-0.73%"
"07-09-2023","421.83","424.57","424.76","420.60","8.09M","-0.35%"
"06-09-2023","423.29","419.98","424.29","418.14","12.86M","0.98%"
"05-09-2023","419.18","415.20","420.50","414.83","8.38M","1.28%"
"04-09-2023","413.88","419.42","419.42","413.08","13.60M","-0.80%"
"01-09-2023","417.24","416.25","420.98","414.64","11.44M","0.31%"
"31-08-2023","415.96","419.08","420.88","412.56","19.90M","-0.70%"
"30-08-2023","418.89","417.19","420.03","416.72","7.36M","0.61%"
"29-08-2023","416.34","419.04","420.03","415.49","9.48M","-0.29%"
"28-08-2023","417.57","420.98","422.73","417.19","6.91M","-0.44%"
"25-08-2023","419.42","426.56","426.65","418.18","9.27M","-1.67%"
"24-08-2023","426.56","426.27","429.02","425.04","6.09M","0.10%"
"23-08-2023","426.13","431.00","431.05","424.38","8.45M","-0.84%"
"22-08-2023","429.73","424.76","430.58","422.87","9.85M","1.44%"
"21-08-2023","423.63","418.14","424.29","417.52","9.57M","1.39%"
"18-08-2023","417.81","417.19","419.42","414.83","19.32M","0.15%"
"17-08-2023","417.19","425.71","425.71","416.25","16.27M","-2.05%"
"16-08-2023","425.94","426.65","432.71","424.00","14.92M","0.23%"
"14-08-2023","424.95","424.52","426.89","421.02","7.56M","0.10%"
"11-08-2023","424.52","429.39","429.39","420.74","11.58M","-0.66%"
"10-08-2023","427.36","434.13","434.50","424.76","13.19M","-1.50%"
"09-08-2023","433.89","427.93","435.07","422.77","9.76M","1.39%"
"08-08-2023","427.93","432.33","432.33","426.70","6.39M","-0.56%"
"07-08-2023","430.34","429.58","431.90","426.61","9.16M","-0.01%"
"04-08-2023","430.39","431.67","436.49","429.73","6.83M","-0.24%"
"03-08-2023","431.43","435.26","438.71","429.77","10.62M","-0.88%"
"02-08-2023","435.26","439.52","439.71","433.27","10.32M","-1.01%"
"01-08-2023","439.71","440.84","443.54","438.76","6.44M","-0.19%"
"31-07-2023","440.56","443.68","444.34","438.48","8.19M","-0.59%"
"28-07-2023","443.16","442.45","444.11","438.38","9.98M","0.73%"
"27-07-2023","439.94","448.79","449.50","436.21","13.99M","-1.52%"
"26-07-2023","446.76","439.80","447.46","437.11","18.14M","2.15%"
"25-07-2023","437.34","442.64","443.21","430.81","43.53M","-1.92%"
"24-07-2023","445.90","466.81","472.72","442.88","38.98M","-3.89%"
"21-07-2023","463.97","465.25","470.83","460.71","13.97M","-0.35%"
"20-07-2023","465.58","453.99","467.05","450.59","20.25M","2.78%"
"19-07-2023","453.00","447.23","454.51","442.83","13.87M","1.34%"
"18-07-2023","446.99","447.04","448.60","445.57","5.35M","0.03%"
"17-07-2023","446.85","448.88","450.11","445.19","6.09M","-0.12%"
"14-07-2023","447.37","447.46","449.36","445.90","5.08M","0.19%"
"13-07-2023","446.52","448.32","451.01","445.57","7.91M","-0.06%"
"12-07-2023","446.80","451.96","451.96","445.05","12.34M","-0.18%"
"11-07-2023","447.61","440.84","448.93","440.84","8.46M","1.57%"
"10-07-2023","440.70","444.63","445.48","438.67","6.52M","-0.54%"
"07-07-2023","443.11","447.46","449.83","442.36","7.32M","-1.16%"
"06-07-2023","448.32","451.58","451.63","445.10","9.47M","-0.25%"
"05-07-2023","449.45","441.17","454.70","439.23","16.25M","1.88%"
"04-07-2023","441.17","439.90","442.73","434.98","7.73M","0.67%"
"03-07-2023","438.24","427.22","440.80","425.75","10.70M","2.58%"
"30-06-2023","427.22","425.71","427.55","422.49","9.11M","0.50%"
"28-06-2023","425.09","420.98","426.27","420.50","12.08M","0.95%"
"27-06-2023","421.07","422.02","423.06","419.23","4.87M","-0.13%"
"26-06-2023","421.64","422.77","427.03","420.03","5.48M","0.21%"
"23-06-2023","420.74","423.34","423.48","418.80","6.09M","-0.65%"
"22-06-2023","423.48","423.81","425.38","421.78","6.64M","0.13%"
"21-06-2023","422.92","427.60","429.68","421.02","6.06M","-1.28%"
"20-06-2023","428.40","430.25","430.25","425.85","4.47M","-0.17%"
"19-06-2023","429.11","430.20","431.29","427.83","4.19M","0.11%"
"16-06-2023","428.64","424.76","431.00","423.72","11.73M","1.12%"
"15-06-2023","423.91","420.98","424.52","420.74","7.50M","0.81%"
"14-06-2023","420.50","422.16","423.58","419.79","8.70M","-0.20%"
"13-06-2023","421.35","417.19","422.30","414.64","16.11M","1.93%"
"12-06-2023","413.36","416.25","417.14","410.43","8.72M","-0.34%"
"09-06-2023","414.78","411.66","420.69","411.66","7.06M","-1.00%"
"08-06-2023","418.99","421.64","421.68","418.04","7.02M","-0.24%"
"07-06-2023","419.98","420.03","421.59","418.85","7.54M","0.26%"
"06-06-2023","418.89","417.00","419.65","416.62","6.45M","0.49%"
"05-06-2023","416.86","420.98","422.73","416.34","7.15M","-0.62%"
"02-06-2023","419.46","416.25","420.88","416.06","9.20M","0.84%"
"01-06-2023","415.96","422.87","422.87","415.30","8.80M","-1.30%"
"31-05-2023","421.45","425.04","427.60","418.56","14.27M","-0.98%"
"30-05-2023","425.61","417.19","427.08","417.19","18.90M","0.80%"
"29-05-2023","422.25","418.40","424.79","417.55","19.83M","1.24%"
"26-05-2023","417.08","416.89","418.16","413.23","13.00M","0.56%"
"25-05-2023","414.78","410.83","416.00","408.81","18.20M","1.76%"
"24-05-2023","407.59","402.70","408.76","401.47","11.48M","1.01%"
"23-05-2023","403.50","400.53","405.42","398.84","8.73M","1.04%"
"22-05-2023","399.36","396.73","400.30","394.05","15.42M","1.17%"
"19-05-2023","394.75","395.79","397.81","386.76","25.77M","0.04%"
"18-05-2023","394.61","404.30","406.60","393.11","24.00M","-1.85%"
"17-05-2023","402.04","398.80","403.31","397.34","9.48M","0.86%"
"16-05-2023","398.61","404.30","404.30","398.18","7.99M","-0.90%"
"15-05-2023","402.23","394.89","403.07","394.00","9.15M","1.75%"
"12-05-2023","395.32","395.27","397.43","391.18","11.14M","0.01%"
"11-05-2023","395.27","401.71","401.85","393.86","15.98M","-1.16%"
"10-05-2023","399.92","398.61","400.86","396.96","9.75M","0.37%"
"09-05-2023","398.46","406.93","407.26","396.30","9.99M","-1.77%"
"08-05-2023","405.66","405.23","407.54","403.68","7.24M","0.63%"
"05-05-2023","403.12","400.49","406.08","398.98","12.41M","0.98%"
"04-05-2023","399.22","399.88","401.47","398.65","7.98M","-0.60%"
"03-05-2023","401.61","398.65","402.89","396.82","7.33M","0.64%"
"02-05-2023","399.08","400.53","401.47","396.02","10.25M","-0.26%"
"28-04-2023","400.11","393.01","402.65","388.97","12.72M","2.30%"
"27-04-2023","391.13","387.56","392.45","386.43","12.61M","0.91%"
"26-04-2023","387.61","387.37","388.31","384.60","7.62M","0.17%"
"25-04-2023","386.95","384.27","388.83","383.05","8.84M","0.70%"
"24-04-2023","384.27","385.49","385.49","380.04","5.98M","0.11%"
"21-04-2023","383.85","376.37","384.55","375.20","14.25M","1.99%"
"20-04-2023","376.37","376.09","378.58","373.93","6.67M","0.39%"
"19-04-2023","374.91","372.37","377.36","372.33","9.74M","0.06%"
"18-04-2023","374.68","376.09","377.97","373.27","9.49M","-0.41%"
"17-04-2023","376.23","369.41","377.97","369.41","11.04M","1.15%"
"13-04-2023","371.95","371.86","372.89","370.17","6.06M","0.52%"
"12-04-2023","370.02","373.97","374.02","368.66","9.75M","-0.62%"
"11-04-2023","372.33","365.32","374.30","364.81","18.24M","1.92%"
"10-04-2023","365.32","364.19","366.69","361.75","6.78M","0.31%"
"06-04-2023","364.19","363.54","366.97","361.23","12.90M","0.25%"
"05-04-2023","363.30","356.25","363.91","356.25","11.61M","1.98%"
"03-04-2023","356.25","361.05","361.05","355.87","7.06M","-1.20%"
"31-03-2023","360.58","359.16","361.52","357.28","9.51M","0.20%"
"29-03-2023","359.87","357.47","361.05","354.60","10.16M","0.79%"
"28-03-2023","357.05","357.47","359.49","355.54","9.17M","-0.12%"
"27-03-2023","357.47","355.36","361.42","353.85","10.82M","0.40%"
"24-03-2023","356.06","358.69","360.10","355.40","9.93M","-0.51%"
"23-03-2023","357.89","354.46","359.87","352.02","9.75M","0.77%"
"22-03-2023","355.17","354.42","356.20","351.83","4.77M","0.21%"
"21-03-2023","354.42","356.16","356.16","351.69","11.61M","-0.49%"
"20-03-2023","356.16","350.98","356.67","349.76","10.12M","0.87%"
"17-03-2023","353.10","361.98","361.98","347.55","48.90M","-1.55%"
"16-03-2023","358.65","357.85","359.49","354.32","15.71M","0.54%"
"15-03-2023","356.72","358.22","361.33","355.40","8.42M","-0.08%"
"14-03-2023","357.00","362.64","363.35","354.65","10.23M","-1.03%"
"13-03-2023","360.72","365.93","367.53","359.63","8.79M","-1.12%"
"10-03-2023","364.81","363.82","366.87","360.58","8.36M","0.13%"
"09-03-2023","364.33","368.66","370.07","362.60","9.63M","-1.25%"
"08-03-2023","368.94","364.81","369.65","362.08","8.92M","1.09%"
"06-03-2023","364.95","362.83","369.04","362.22","10.71M","0.83%"
"03-03-2023","361.94","354.46","362.36","353.62","8.18M","2.50%"
"02-03-2023","353.10","356.81","357.05","352.30","5.02M","-0.83%"
"01-03-2023","356.06","351.88","357.66","351.27","7.77M","0.53%"
"28-02-2023","354.18","359.63","361.28","352.58","16.37M","-1.44%"
"27-02-2023","359.35","362.08","363.68","355.50","8.14M","-0.75%"
"24-02-2023","362.08","365.75","365.75","358.22","12.91M","-0.64%"
"23-02-2023","364.43","361.47","370.45","360.20","18.83M","0.98%"
"22-02-2023","360.90","359.16","361.89","357.28","8.96M","0.42%"
"21-02-2023","359.40","361.98","362.83","358.88","8.26M","-0.47%"
"20-02-2023","361.09","361.70","364.33","358.51","7.80M","0.17%"
"17-02-2023","360.48","358.27","361.56","356.58","7.67M","0.22%"
"16-02-2023","359.68","359.16","362.22","358.22","9.78M","0.09%"
"15-02-2023","359.35","358.93","359.96","355.92","12.21M","-1.10%"
"14-02-2023","363.35","352.58","364.48","351.41","29.13M","3.27%"
"13-02-2023","351.83","350.70","352.72","347.88","9.90M","0.77%"
"10-02-2023","349.15","349.95","354.42","348.16","10.28M","-0.77%"
"09-02-2023","351.88","351.64","357.28","349.90","11.86M","-0.35%"
"08-02-2023","353.10","352.35","354.74","349.34","10.42M","0.62%"
"07-02-2023","350.94","360.95","360.95","346.42","20.64M","-2.65%"
"06-02-2023","360.48","359.63","364.99","356.91","25.79M","0.72%"
"03-02-2023","357.89","359.07","359.40","349.76","22.30M","0.54%"
"02-02-2023","355.97","339.98","361.70","338.86","55.75M","4.76%"
"01-02-2023","339.80","331.90","343.84","309.43","64.52M","2.57%"
"31-01-2023","331.29","325.32","333.78","320.66","17.13M","2.19%"
"30-01-2023","324.19","326.16","330.72","321.41","14.09M","-0.35%"
"27-01-2023","325.32","321.37","328.00","321.08","21.04M","1.99%"
"25-01-2023","318.97","318.64","320.61","315.21","12.50M","0.09%"
"24-01-2023","318.69","317.61","320.38","317.42","12.30M","0.36%"
"23-01-2023","317.56","315.91","317.94","313.14","7.12M","0.94%"
"20-01-2023","314.60","312.15","315.16","309.57","13.10M","0.74%"
"19-01-2023","312.29","314.03","315.58","311.82","8.35M","-0.75%"
"18-01-2023","314.64","314.03","316.43","312.53","12.56M","0.72%"
"17-01-2023","312.39","310.46","313.56","309.43","13.71M","0.62%"
"16-01-2023","310.46","310.60","312.34","307.97","8.25M","0.44%"
"13-01-2023","309.10","310.13","312.39","306.89","14.41M","-0.33%"
"12-01-2023","310.13","313.47","313.66","308.49","6.64M","-0.59%"
"11-01-2023","311.96","315.07","315.07","311.49","4.58M","-0.48%"
"10-01-2023","313.47","317.70","318.17","312.67","6.95M","-1.38%"
"09-01-2023","317.84","316.81","320.90","316.05","10.62M","0.90%"
"06-01-2023","315.02","314.69","317.37","313.19","8.28M","0.48%"
"05-01-2023","313.52","309.00","313.94","308.58","8.17M","1.97%"
"04-01-2023","307.45","312.01","312.62","306.51","6.69M","-1.24%"
"03-01-2023","311.31","311.68","313.42","310.51","6.00M","-0.53%"
"02-01-2023","312.95","311.12","314.03","309.94","5.95M","0.39%"
"30-12-2022","311.73","315.35","316.62","310.74","6.96M","-1.13%"
"29-12-2022","315.30","314.36","315.68","311.73","8.11M","0.28%"
"28-12-2022","314.41","312.95","314.97","311.68","7.74M","0.38%"
"27-12-2022","313.23","315.54","316.29","310.41","6.73M","-0.43%"
"26-12-2022","314.60","306.98","315.07","306.04","9.57M","2.42%"
"23-12-2022","307.17","311.12","312.06","305.90","10.07M","-1.73%"
"22-12-2022","312.58","315.58","317.23","310.18","6.58M","-0.81%"
"21-12-2022","315.11","320.61","320.85","314.50","7.05M","-1.47%"
"20-12-2022","319.82","319.72","320.57","316.62","5.48M","-0.10%"
"19-12-2022","320.14","316.67","321.89","315.30","7.81M","1.61%"
"16-12-2022","315.07","317.32","318.64","311.49","12.43M","-1.11%"
"15-12-2022","318.59","324.14","325.41","317.80","8.15M","-1.90%"
"14-12-2022","324.75","325.32","326.59","323.20","7.38M","-0.06%"
"13-12-2022","324.94","323.91","325.32","321.93","10.69M","0.70%"
"12-12-2022","322.68","320.61","323.44","319.77","11.21M","0.53%"
"09-12-2022","320.99","319.44","322.03","317.80","8.13M","-4.56%"
"08-12-2022","336.33","338.12","340.05","335.43","6.20M","-0.50%"
"07-12-2022","338.02","336.43","339.41","334.59","9.81M","0.83%"
"06-12-2022","335.23","332.05","336.13","332.05","6.33M","0.16%"
"05-12-2022","334.69","335.58","336.77","332.10","9.72M","-0.12%"
"02-12-2022","335.09","337.27","338.71","334.69","8.39M","-0.71%"
"01-12-2022","337.47","339.61","339.61","334.74","16.63M","-0.13%"
"30-11-2022","337.92","339.16","342.04","336.92","22.56M","-0.67%"
"29-11-2022","340.20","337.92","342.89","337.92","10.19M","0.66%"
"28-11-2022","337.97","337.92","339.66","336.68","9.90M","-0.07%"
"25-11-2022","338.22","338.91","339.81","335.73","6.93M","-0.13%"
"24-11-2022","338.66","337.72","340.40","335.48","8.14M","0.28%"
"23-11-2022","337.72","339.91","339.91","335.43","7.77M","-0.13%"
"22-11-2022","338.17","334.94","338.91","333.64","6.50M","0.90%"
"21-11-2022","335.14","337.02","337.92","332.35","9.20M","-1.13%"
"18-11-2022","338.96","341.60","342.64","337.72","7.84M","-0.77%"
"17-11-2022","341.60","341.99","345.32","340.50","9.99M","-0.12%"
"16-11-2022","341.99","343.58","344.73","339.56","7.60M","-0.33%"
"15-11-2022","343.14","346.81","346.81","337.07","15.45M","-0.56%"
"14-11-2022","345.07","354.17","354.76","344.48","17.64M","-2.57%"
"11-11-2022","354.17","357.80","358.74","352.48","10.95M","0.10%"
"10-11-2022","353.82","356.80","357.70","351.93","19.33M","-1.30%"
"09-11-2022","358.49","351.34","359.24","351.04","20.61M","2.04%"
"07-11-2022","351.34","352.83","354.17","347.86","10.05M","-0.03%"
"04-11-2022","351.43","351.83","353.82","350.34","8.39M","-0.03%"
"03-11-2022","351.53","351.83","356.30","350.84","10.74M","-0.27%"
"02-11-2022","352.48","346.37","354.07","346.37","16.78M","1.47%"
"01-11-2022","347.36","347.11","348.35","345.07","19.67M","0.23%"
"31-10-2022","346.57","345.87","348.35","342.64","13.83M","0.84%"
"28-10-2022","343.68","345.42","346.47","342.99","13.07M","0.00%"
"27-10-2022","343.68","344.53","346.22","341.74","18.56M","-0.14%"
"25-10-2022","344.18","347.31","347.36","341.55","17.24M","-0.40%"
"24-10-2022","345.57","346.81","347.56","344.88","3.17M","0.61%"
"21-10-2022","343.48","351.04","351.04","342.39","27.37M","-1.17%"
"20-10-2022","347.56","344.88","348.80","342.69","18.47M","0.97%"
"19-10-2022","344.23","341.00","345.32","337.72","16.30M","1.78%"
"18-10-2022","338.22","331.90","338.91","331.51","20.89M","2.42%"
"17-10-2022","330.22","329.07","332.70","327.58","6.93M","0.05%"
"14-10-2022","330.07","330.27","331.86","328.82","6.42M","1.05%"
"13-10-2022","326.64","327.93","329.27","325.99","7.27M","-0.44%"
"12-10-2022","328.08","325.94","329.42","322.76","10.34M","1.16%"
"11-10-2022","324.30","326.99","328.43","323.11","10.61M","-0.47%"
"10-10-2022","325.84","327.98","329.42","324.05","9.39M","-1.87%"
"07-10-2022","332.05","334.74","334.79","329.27","10.51M","-0.76%"
"06-10-2022","334.59","332.95","337.22","330.51","22.24M","1.14%"
"04-10-2022","330.81","326.69","331.95","325.99","8.80M","2.60%"
"03-10-2022","322.41","330.86","330.96","321.27","9.11M","-2.35%"
"30-09-2022","330.17","331.01","333.69","328.13","12.43M","-0.26%"
"29-09-2022","331.01","326.99","332.85","325.74","18.28M","2.49%"
"28-09-2022","322.96","329.92","331.26","322.31","15.55M","-2.96%"
"27-09-2022","332.80","332.95","337.47","331.95","9.99M","0.68%"
"26-09-2022","330.56","342.74","343.83","329.72","16.21M","-3.98%"
"23-09-2022","344.28","345.37","347.41","341.20","22.84M","0.39%"
"22-09-2022","342.94","338.91","346.61","338.81","24.18M","1.20%"
"21-09-2022","338.86","333.94","343.09","333.45","20.99M","1.47%"
"20-09-2022","333.94","336.68","337.52","332.95","9.53M","0.12%"
"19-09-2022","333.55","327.08","334.84","327.08","14.37M","1.30%"
"16-09-2022","329.27","330.32","332.55","327.68","12.49M","-0.84%"
"15-09-2022","332.05","334.34","334.99","330.86","8.42M","-0.37%"
"14-09-2022","333.30","328.97","336.92","328.92","12.27M","0.28%"
"13-09-2022","332.35","329.67","332.95","328.58","10.52M","1.06%"
"12-09-2022","328.87","329.97","330.36","327.98","8.71M","0.12%"
"09-09-2022","328.48","328.58","331.26","327.98","9.41M","0.18%"
"08-09-2022","327.88","326.99","328.58","325.49","10.91M","1.17%"
"07-09-2022","324.10","324.00","326.29","323.26","8.09M","-0.32%"
"06-09-2022","325.15","327.98","327.98","324.40","11.97M","-0.52%"
"05-09-2022","326.84","323.01","327.58","321.77","17.47M","1.76%"
"02-09-2022","321.17","316.75","322.27","316.10","25.76M","1.75%"
"01-09-2022","315.65","317.54","319.93","314.07","13.25M","-0.91%"
"30-08-2022","318.54","312.33","319.43","312.33","17.83M","2.22%"
"29-08-2022","311.63","308.10","313.02","306.96","11.36M","0.21%"
"26-08-2022","310.98","312.82","313.47","310.09","6.96M","0.18%"
"25-08-2022","310.44","313.52","314.46","309.69","7.76M","-0.56%"
"24-08-2022","312.18","313.82","317.49","311.13","11.35M","-0.57%"
"23-08-2022","313.97","311.03","314.07","310.19","9.34M","0.48%"
"22-08-2022","312.48","309.30","315.06","309.10","11.36M","0.77%"
"19-08-2022","310.09","314.21","314.21","309.30","10.42M","-1.16%"
"18-08-2022","313.72","311.08","314.07","310.69","9.88M","0.99%"
"17-08-2022","310.64","309.79","311.33","309.10","7.98M","0.64%"
"16-08-2022","308.65","306.66","309.59","306.66","8.61M","0.65%"
"12-08-2022","306.66","304.38","307.51","302.64","6.42M","0.75%"
"11-08-2022","304.38","311.08","311.53","303.43","10.89M","-1.59%"
"10-08-2022","309.30","311.23","312.18","308.85","8.92M","-0.62%"
"08-08-2022","311.23","309.05","312.03","308.15","8.31M","0.74%"
"05-08-2022","308.95","307.61","309.89","307.21","10.09M","0.44%"
"04-08-2022","307.61","306.11","308.45","305.27","15.90M","0.44%"
"03-08-2022","306.26","309.00","309.00","301.79","17.70M","-0.58%"
"02-08-2022","308.05","308.10","314.71","306.31","38.98M","0.80%"
"01-08-2022","305.62","302.14","306.91","301.24","15.89M","1.47%"
"29-07-2022","301.19","303.13","304.03","299.51","16.93M","-0.13%"
"28-07-2022","301.59","303.03","303.33","300.55","10.84M","-0.23%"
"27-07-2022","302.29","301.00","303.13","298.76","9.35M","0.56%"
"26-07-2022","300.60","299.16","301.89","298.61","9.74M","0.45%"
"25-07-2022","299.26","297.17","301.10","296.97","10.64M","0.18%"
"22-07-2022","298.71","298.16","300.65","296.27","9.97M","0.33%"
"21-07-2022","297.72","297.17","300.35","296.17","16.04M","0.45%"
"20-07-2022","296.37","293.09","297.67","291.80","15.79M","1.22%"
"19-07-2022","292.80","293.19","293.79","290.91","9.19M","-0.24%"
"18-07-2022","293.49","293.19","294.49","291.95","11.32M","0.60%"
"15-07-2022","291.75","290.21","292.20","287.73","11.03M","0.93%"
"14-07-2022","289.07","292.50","294.54","287.38","13.41M","-1.09%"
"13-07-2022","292.25","291.21","292.99","290.91","9.28M","0.46%"
"12-07-2022","290.91","291.21","293.54","289.12","14.07M","-0.78%"
"11-07-2022","293.19","291.21","295.13","290.26","12.35M","0.67%"
"08-07-2022","291.26","291.11","292.65","288.62","11.11M","0.38%"
"07-07-2022","290.16","289.22","291.36","286.73","13.79M","0.92%"
"06-07-2022","287.53","284.35","288.22","283.55","18.29M","0.84%"
"05-07-2022","285.14","291.21","291.21","284.00","18.57M","-1.71%"
"04-07-2022","290.11","283.90","291.50","283.06","39.88M","2.66%"
"01-07-2022","282.61","271.83","283.26","269.54","35.17M","3.97%"
"30-06-2022","271.83","272.27","273.02","270.33","19.26M","-0.20%"
"29-06-2022","272.37","267.60","273.32","267.50","16.02M","0.81%"
"28-06-2022","270.18","267.25","270.58","266.91","11.24M","0.70%"
"27-06-2022","268.30","265.36","268.99","264.87","8.17M","1.54%"
"24-06-2022","264.22","264.47","266.71","263.58","7.01M","0.13%"
"23-06-2022","263.87","263.87","265.61","260.79","9.07M","0.08%"
"22-06-2022","263.68","265.36","268.64","263.28","11.32M","-1.70%"
"21-06-2022","268.25","263.38","269.19","262.48","13.88M","2.20%"
"20-06-2022","262.48","261.69","264.52","259.75","17.08M","0.30%"
"17-06-2022","261.69","257.41","262.53","256.97","16.65M","1.00%"
"16-06-2022","259.10","265.36","266.26","257.91","14.29M","-1.02%"
"15-06-2022","261.79","264.37","265.66","261.44","5.06M","-0.77%"
"14-06-2022","263.83","261.59","265.81","261.44","7.42M","0.30%"
"13-06-2022","263.03","264.77","267.45","261.39","11.09M","-2.04%"
"10-06-2022","268.50","267.40","269.34","267.10","8.37M","-0.26%"
"09-06-2022","269.19","266.16","270.04","264.12","9.86M","1.10%"
"08-06-2022","266.26","272.27","272.72","264.57","14.36M","-2.19%"
"07-06-2022","272.22","271.53","273.32","270.58","10.83M","-0.33%"
"06-06-2022","273.12","270.73","274.11","268.05","10.93M","0.77%"
"03-06-2022","271.03","273.32","274.01","269.94","12.49M","-0.29%"
"02-06-2022","271.83","269.04","272.77","266.21","14.24M","0.61%"
"01-06-2022","270.18","268.99","272.42","268.55","14.70M","0.44%"
"31-05-2022","268.99","267.40","272.82","264.77","23.21M","0.59%"
"30-05-2022","267.40","268.84","269.34","265.96","11.82M","-0.06%"
"27-05-2022","267.55","267.35","269.04","263.43","13.47M","0.94%"
"26-05-2022","265.07","266.61","266.61","262.23","18.42M","-2.20%"
"25-05-2022","271.03","271.28","272.22","268.84","15.29M","0.68%"
"24-05-2022","269.19","273.32","273.32","268.35","15.55M","-1.33%"
"23-05-2022","272.82","278.29","278.73","271.38","21.70M","-1.96%"
"20-05-2022","278.29","275.30","280.62","275.30","32.37M","1.58%"
"19-05-2022","273.96","260.99","277.54","260.99","78.29M","2.68%"
"18-05-2022","266.80","266.00","267.80","263.15","20.20M","0.79%"
"17-05-2022","264.70","255.00","265.50","254.80","17.80M","4.17%"
"16-05-2022","254.10","259.95","259.95","253.00","8.19M","-1.74%"
"13-05-2022","258.60","254.95","260.85","254.50","11.92M","2.88%"
"12-05-2022","251.35","253.44","254.83","247.62","20.04M","-1.08%"
"11-05-2022","254.09","257.41","260.60","250.21","17.34M","-2.18%"
"10-05-2022","259.75","262.00","266.80","259.10","18.03M","-0.61%"
"09-05-2022","261.34","264.52","264.52","258.95","21.40M","-1.99%"
"06-05-2022","266.65","259.00","267.35","258.90","34.49M","1.76%"
"05-05-2022","262.05","262.00","265.20","260.40","17.93M","0.89%"
"04-05-2022","259.75","264.00","266.05","258.60","25.95M","-1.29%"
"02-05-2022","263.15","258.00","264.50","257.05","18.97M","1.39%"
"29-04-2022","259.55","263.00","263.00","258.50","20.42M","-0.59%"
"28-04-2022","261.10","259.50","263.70","258.15","27.92M","1.40%"
"27-04-2022","257.50","256.20","258.50","255.75","16.58M","-0.56%"
"26-04-2022","258.95","256.60","260.70","256.25","20.54M","1.45%"
"25-04-2022","255.25","258.80","259.00","252.50","24.21M","-2.24%"
"22-04-2022","261.10","260.00","263.00","258.55","15.67M","0.27%"
"21-04-2022","260.40","259.70","264.45","259.60","23.41M","0.33%"
"20-04-2022","259.55","262.90","265.45","257.55","24.51M","-0.76%"
"19-04-2022","261.55","272.00","272.50","258.80","23.38M","-2.57%"
"18-04-2022","268.45","266.36","270.83","265.61","24.40M","-0.41%"
"13-04-2022","269.55","265.30","270.60","263.65","21.41M","2.42%"
"12-04-2022","263.18","265.27","267.01","261.49","23.55M","-1.62%"
"11-04-2022","267.50","268.75","273.15","266.00","46.15M","0.50%"
"08-04-2022","266.16","256.42","267.20","254.43","37.83M","3.71%"
"07-04-2022","256.65","258.00","262.20","255.80","16.06M","-1.14%"
"06-04-2022","259.60","257.50","263.35","257.30","19.60M","0.06%"
"05-04-2022","259.45","256.05","261.85","255.10","27.18M","1.57%"
"04-04-2022","255.45","253.10","257.90","251.10","15.91M","0.85%"
"01-04-2022","253.30","250.00","255.35","248.80","14.31M","1.06%"
"31-03-2022","250.65","249.60","254.35","249.50","25.66M","0.58%"
"30-03-2022","249.20","255.10","256.40","248.65","17.60M","-2.12%"
"29-03-2022","254.60","257.05","257.50","253.75","18.12M","-0.95%"
"28-03-2022","257.05","254.00","258.00","252.55","24.92M","1.46%"
"25-03-2022","253.35","255.30","255.75","249.25","29.28M","-0.59%"
"24-03-2022","254.85","251.95","256.50","251.45","38.24M","1.13%"
"23-03-2022","252.00","251.45","253.70","248.50","40.49M","0.90%"
"22-03-2022","249.75","244.55","250.75","243.55","36.95M","2.15%"
"21-03-2022","244.50","245.90","247.75","243.80","27.98M","-0.16%"
"17-03-2022","244.90","245.25","245.40","242.70","34.22M","0.95%"
"16-03-2022","242.60","240.00","243.00","239.10","21.63M","2.00%"
"15-03-2022","237.85","239.00","241.40","235.90","33.00M","-0.48%"
"14-03-2022","239.00","236.25","239.45","235.30","35.11M","1.12%"
"11-03-2022","236.35","231.90","237.10","230.15","41.70M","1.88%"
"10-03-2022","232.00","231.00","232.50","227.85","36.13M","1.20%"
"09-03-2022","229.25","227.70","231.40","226.10","42.29M","1.04%"
"08-03-2022","226.90","223.90","228.45","223.75","36.04M","0.87%"
"07-03-2022","224.95","222.00","227.00","220.10","45.26M","-0.24%"
"04-03-2022","225.50","217.70","227.40","217.00","66.84M","2.78%"
"03-03-2022","219.40","216.05","220.20","216.00","28.53M","1.90%"
"02-03-2022","215.30","214.40","216.60","212.45","19.30M","-0.25%"
"28-02-2022","215.85","213.20","216.45","210.80","20.03M","0.89%"
"25-02-2022","213.95","211.50","216.50","210.55","23.63M","2.61%"
"24-02-2022","208.50","210.00","213.30","207.00","41.34M","-3.45%"
"23-02-2022","215.95","216.80","217.50","215.05","11.01M","0.51%"
"22-02-2022","214.85","215.00","216.90","213.00","25.75M","-1.44%"
"21-02-2022","218.00","220.30","221.30","217.15","16.13M","-1.76%"
"18-02-2022","221.90","222.65","223.45","221.50","8.67M","-0.34%"
"17-02-2022","222.65","223.05","224.35","220.85","14.02M","-0.04%"
"16-02-2022","222.75","223.80","224.70","221.85","11.23M","-0.11%"
"15-02-2022","223.00","221.00","223.50","218.55","12.88M","1.62%"
"14-02-2022","219.45","226.00","226.00","218.50","22.75M","-5.59%"
"11-02-2022","232.45","232.00","233.30","229.80","18.10M","0.09%"
"10-02-2022","232.25","228.70","233.40","227.75","19.56M","0.91%"
"09-02-2022","230.15","232.30","233.00","228.75","11.89M","-0.48%"
"08-02-2022","231.25","230.30","232.30","229.05","16.20M","0.46%"
"07-02-2022","230.20","234.00","234.75","228.50","24.17M","-1.75%"
"04-02-2022","234.30","237.25","238.50","231.55","56.71M","-0.06%"
"03-02-2022","234.45","232.15","235.20","231.80","27.85M","0.99%"
"02-02-2022","232.15","230.00","233.30","229.00","41.13M","1.93%"
"01-02-2022","227.75","221.00","228.80","219.15","43.21M","3.43%"
"31-01-2022","220.20","218.50","220.75","217.10","15.04M","1.19%"
"28-01-2022","217.60","215.10","219.25","215.10","15.28M","1.40%"
"27-01-2022","214.60","211.25","215.50","211.10","23.15M","0.14%"
"25-01-2022","214.30","212.00","214.70","209.55","18.32M","1.18%"
"24-01-2022","211.80","217.05","217.75","210.90","17.35M","-2.42%"
"21-01-2022","217.05","218.50","220.50","216.00","16.59M","-0.78%"
"20-01-2022","218.75","220.55","222.15","218.00","17.33M","-0.73%"
"19-01-2022","220.35","220.75","222.40","218.70","11.47M","-0.18%"
"18-01-2022","220.75","224.60","227.30","220.30","14.39M","-1.71%"
"17-01-2022","224.60","222.60","225.60","221.35","12.32M","0.90%"
"14-01-2022","222.60","223.95","224.80","222.30","10.57M","-0.60%"
"13-01-2022","223.95","223.90","225.80","222.75","11.50M","0.54%"
"12-01-2022","222.75","222.50","223.65","221.60","13.16M","0.36%"
"11-01-2022","221.95","223.35","224.25","221.20","8.02M","-0.60%"
"10-01-2022","223.30","219.90","224.70","218.90","15.84M","2.24%"
"07-01-2022","218.40","219.80","220.65","217.50","8.86M","-0.14%"
"06-01-2022","218.70","219.00","220.40","218.20","8.95M","-0.84%"
"05-01-2022","220.55","219.65","221.50","218.65","11.23M","0.14%"
"04-01-2022","220.25","219.50","221.70","219.05","9.05M","0.52%"
"03-01-2022","219.10","218.05","219.85","217.05","7.77M","0.48%"
"31-12-2021","218.05","216.90","218.80","216.15","7.58M","0.95%"
"30-12-2021","216.00","216.60","217.90","215.50","9.74M","-0.35%"
"29-12-2021","216.75","220.00","220.30","216.30","11.48M","-1.50%"
"28-12-2021","220.05","218.00","220.60","218.00","11.57M","1.15%"
"27-12-2021","217.55","218.40","218.45","215.65","8.15M","-0.21%"
"24-12-2021","218.00","218.00","220.45","216.45","16.58M","0.32%"
"23-12-2021","217.30","213.90","218.45","213.20","22.21M","2.50%"
"22-12-2021","212.00","214.00","214.20","211.10","17.24M","-0.24%"
"21-12-2021","212.50","214.00","215.45","211.05","19.40M","0.05%"
"20-12-2021","212.40","216.25","216.25","209.80","37.34M","-2.55%"
"17-12-2021","217.95","222.80","222.85","216.75","29.68M","-2.22%"
"16-12-2021","222.90","226.00","226.15","220.80","24.20M","-0.51%"
"15-12-2021","224.05","230.00","232.20","223.40","34.65M","-1.99%"
"14-12-2021","228.60","235.00","237.10","227.55","37.51M","-2.56%"
"13-12-2021","234.60","238.00","238.75","234.15","22.05M","-0.64%"
"10-12-2021","236.10","236.20","238.95","233.75","35.16M","0.30%"
"09-12-2021","235.40","223.00","236.45","223.00","38.24M","4.65%"
"08-12-2021","224.95","221.00","225.65","221.00","9.86M","1.95%"
"07-12-2021","220.65","218.90","221.95","218.10","8.90M","1.26%"
"06-12-2021","217.90","221.65","222.20","217.50","13.14M","-1.69%"
"03-12-2021","221.65","225.00","226.20","221.35","13.79M","-1.69%"
"02-12-2021","225.45","221.90","226.15","221.30","15.90M","1.60%"
"01-12-2021","221.90","222.00","223.30","220.60","13.00M","0.34%"
"30-11-2021","221.15","222.00","225.20","220.00","23.50M","-0.16%"
"29-11-2021","221.50","222.00","223.65","220.20","22.13M","-1.12%"
"26-11-2021","224.00","228.90","230.05","223.10","27.03M","-3.16%"
"25-11-2021","231.30","227.00","232.20","225.75","23.90M","1.58%"
"24-11-2021","227.70","232.45","232.70","226.95","14.14M","-1.68%"
"23-11-2021","231.60","229.15","232.70","229.15","13.43M","0.30%"
"22-11-2021","230.90","237.90","240.75","229.55","22.57M","-2.78%"
"18-11-2021","237.50","240.00","243.00","236.30","20.23M","-0.84%"
"17-11-2021","239.50","236.00","245.25","235.65","46.70M","1.72%"
"16-11-2021","235.45","239.05","239.65","235.00","14.68M","-1.11%"
"15-11-2021","238.10","233.95","239.00","233.10","38.76M","2.23%"
"12-11-2021","232.90","231.20","233.95","229.15","11.86M","1.26%"
"11-11-2021","230.00","230.40","231.50","228.55","8.13M","-0.37%"
"10-11-2021","230.85","227.45","232.85","227.20","13.43M","0.92%"
"09-11-2021","228.75","229.85","230.90","227.85","11.52M","-0.46%"
"08-11-2021","229.80","229.70","230.70","225.70","20.27M","1.43%"
"04-11-2021","226.55","224.85","227.30","224.00","7.02M","1.84%"
"03-11-2021","222.45","226.00","226.85","221.70","17.84M","-1.40%"
"02-11-2021","225.60","228.00","229.25","224.50","14.34M","-0.55%"
"01-11-2021","226.85","224.15","227.55","222.50","23.20M","1.64%"
"29-10-2021","223.20","225.00","228.25","222.30","26.64M","-0.84%"
"28-10-2021","225.10","235.10","235.95","224.15","46.28M","-5.60%"
"27-10-2021","238.45","240.25","241.30","236.20","25.91M","0.74%"
"26-10-2021","236.70","234.10","239.00","232.60","18.93M","1.41%"
"25-10-2021","233.40","234.10","236.65","230.50","22.33M","-1.35%"
"22-10-2021","236.60","244.70","245.80","233.70","35.54M","-3.31%"
"21-10-2021","244.70","248.00","248.35","243.10","22.52M","-0.77%"
"20-10-2021","246.60","245.95","248.50","242.35","47.82M","0.26%"
"19-10-2021","245.95","261.40","262.55","245.05","59.06M","-6.32%"
"18-10-2021","262.55","261.00","265.30","257.35","60.29M","2.34%"
"14-10-2021","256.55","253.25","261.85","250.35","85.41M","2.95%"
"13-10-2021","249.20","242.55","250.90","240.15","50.16M","3.27%"
"12-10-2021","241.30","238.60","243.00","238.00","29.22M","1.37%"
"11-10-2021","238.05","232.00","239.50","231.70","21.18M","2.74%"
"08-10-2021","231.70","234.75","234.80","231.20","9.74M","-0.54%"
"07-10-2021","232.95","233.00","234.95","232.30","10.37M","0.74%"
"06-10-2021","231.25","234.80","236.40","230.60","17.51M","-1.47%"
"05-10-2021","234.70","236.40","237.45","234.50","9.22M","-0.80%"
"04-10-2021","236.60","236.00","238.35","235.40","10.69M","0.53%"
"01-10-2021","235.35","235.20","237.00","232.90","15.96M","-0.34%"
"30-09-2021","236.15","239.90","240.40","235.25","16.36M","-0.82%"
"29-09-2021","238.10","236.00","241.40","235.70","15.45M","0.15%"
"28-09-2021","237.75","239.85","241.60","236.30","15.71M","-0.40%"
"27-09-2021","238.70","239.80","241.85","235.50","22.89M","0.10%"
"24-09-2021","238.45","244.00","244.00","237.70","24.82M","-1.67%"
"23-09-2021","242.50","245.00","245.60","241.70","21.79M","-0.41%"
"22-09-2021","243.50","243.50","245.80","240.70","52.62M","0.83%"
"21-09-2021","241.50","234.95","242.45","231.70","56.67M","3.32%"
"20-09-2021","233.75","231.00","239.35","230.25","70.39M","1.12%"
"17-09-2021","231.15","233.00","237.30","229.10","79.50M","0.17%"
"16-09-2021","230.75","216.95","233.65","216.30","149.24M","6.83%"
"15-09-2021","216.00","217.10","217.20","215.30","20.25M","-0.05%"
"14-09-2021","216.10","214.90","217.25","214.20","19.62M","0.91%"
"13-09-2021","214.15","213.35","215.15","211.80","16.04M","0.71%"
"09-09-2021","212.65","211.05","213.90","210.55","19.05M","0.66%"
"08-09-2021","211.25","212.25","213.00","209.70","17.23M","-0.24%"
"07-09-2021","211.75","210.90","214.35","210.15","37.49M","1.17%"
"06-09-2021","209.30","211.00","211.20","209.05","10.63M","-0.62%"
"03-09-2021","210.60","209.75","211.25","209.75","10.23M","0.41%"
"02-09-2021","209.75","209.00","211.50","209.00","14.32M","0.12%"
"01-09-2021","209.50","211.00","212.30","209.30","16.24M","-0.85%"
"31-08-2021","211.30","208.05","211.60","207.25","25.81M","1.59%"
"30-08-2021","208.00","206.00","208.20","206.00","12.08M","1.02%"
"27-08-2021","205.90","205.00","206.85","204.90","10.48M","0.64%"
"26-08-2021","204.60","206.40","206.85","204.35","14.84M","-0.87%"
"25-08-2021","206.40","206.40","207.90","206.00","10.59M","0.32%"
"24-08-2021","205.75","207.00","207.00","204.70","12.49M","-0.27%"
"23-08-2021","206.30","209.50","210.20","206.00","9.94M","-1.24%"
"20-08-2021","208.90","207.00","210.70","206.70","19.42M","-0.02%"
"18-08-2021","208.95","209.60","211.50","208.35","10.74M","-0.12%"
"17-08-2021","209.20","210.80","211.50","208.80","7.86M","-0.81%"
"16-08-2021","210.90","211.40","213.25","210.50","11.19M","-0.26%"
"13-08-2021","211.45","209.85","212.30","209.20","18.85M","1.22%"
"12-08-2021","208.90","210.25","214.20","208.35","27.69M","0.12%"
"11-08-2021","208.65","209.85","210.60","207.45","15.42M","-0.57%"
"10-08-2021","209.85","214.00","214.45","208.55","18.16M","-1.85%"
"09-08-2021","213.80","215.00","217.15","212.70","20.36M","-0.21%"
"06-08-2021","214.25","215.40","216.00","212.60","23.58M","-0.46%"
"05-08-2021","215.25","208.60","216.75","206.90","47.18M","3.19%"
"04-08-2021","208.60","210.90","211.10","208.10","11.00M","-0.62%"
"03-08-2021","209.90","207.50","210.90","206.45","18.47M","1.25%"
"02-08-2021","207.30","206.45","207.50","205.45","9.67M","1.15%"
"30-07-2021","204.95","206.10","207.10","204.60","14.94M","-0.53%"
"29-07-2021","206.05","209.10","210.20","205.65","15.60M","-1.46%"
"28-07-2021","209.10","208.30","210.00","207.45","14.74M","0.22%"
"27-07-2021","208.65","212.00","213.00","207.95","24.44M","-1.18%"
"26-07-2021","211.15","214.00","215.35","210.80","47.26M","-0.59%"
"23-07-2021","212.40","207.00","213.60","206.50","44.53M","2.61%"
"22-07-2021","207.00","207.00","208.25","205.85","18.31M","0.10%"
"20-07-2021","206.80","208.20","209.30","206.40","23.66M","-0.46%"
"19-07-2021","207.75","206.80","209.50","206.35","16.46M","-0.07%"
"16-07-2021","207.90","207.70","209.65","207.20","29.02M","0.80%"
"15-07-2021","206.25","204.40","208.50","202.90","28.85M","1.05%"
"14-07-2021","204.10","201.85","205.15","201.70","20.48M","1.11%"
"13-07-2021","201.85","202.00","202.20","201.35","10.83M","0.37%"
"12-07-2021","201.10","202.00","202.55","200.95","13.09M","-0.12%"
"09-07-2021","201.35","202.00","202.35","200.90","11.83M","-0.32%"
"08-07-2021","202.00","203.50","204.50","201.80","20.93M","-0.86%"
"07-07-2021","203.75","202.50","205.20","202.30","17.88M","0.62%"
"06-07-2021","202.50","203.25","203.80","202.25","11.09M","-0.56%"
"05-07-2021","203.65","203.00","204.10","202.70","10.25M","0.62%"
"02-07-2021","202.40","203.30","203.70","202.25","12.70M","-0.30%"
"01-07-2021","203.00","202.90","203.80","202.15","10.19M","0.15%"
"30-06-2021","202.70","204.30","204.40","202.55","15.94M","-0.30%"
"29-06-2021","203.30","203.60","205.30","203.15","13.33M","-0.15%"
"28-06-2021","203.60","205.90","205.90","203.35","14.63M","-0.71%"
"25-06-2021","205.05","204.00","205.60","203.75","13.88M","0.89%"
"24-06-2021","203.25","204.45","204.65","202.55","22.44M","-0.34%"
"23-06-2021","203.95","205.65","205.85","203.60","12.58M","-0.56%"
"22-06-2021","205.10","206.10","206.25","204.35","18.04M","0.32%"
"21-06-2021","204.45","203.10","206.00","202.40","19.07M","-0.05%"
"18-06-2021","204.55","206.00","206.45","202.50","23.57M","-0.53%"
"17-06-2021","205.65","206.95","208.00","205.00","21.48M","-1.06%"
"16-06-2021","207.85","207.05","209.35","207.05","20.10M","0.39%"
"15-06-2021","207.05","207.55","208.40","207.00","14.85M","-0.12%"
"14-06-2021","207.30","207.95","208.45","205.20","17.68M","-0.29%"
"11-06-2021","207.90","210.30","210.45","207.75","21.42M","-0.67%"
"10-06-2021","209.30","208.70","211.40","207.50","30.72M","-1.51%"
"09-06-2021","212.50","214.00","214.75","211.50","24.89M","-0.54%"
"08-06-2021","213.65","212.20","214.25","211.20","21.26M","1.04%"
"07-06-2021","211.45","210.40","212.40","210.20","31.43M","1.29%"
"04-06-2021","208.75","209.50","209.70","208.00","30.13M","-0.14%"
"03-06-2021","209.05","210.75","210.75","208.70","46.66M","0.02%"
"02-06-2021","209.00","210.50","212.45","208.60","96.65M","-2.90%"
"01-06-2021","215.25","218.00","219.40","214.25","38.76M","-0.62%"
"31-05-2021","216.60","215.00","217.90","214.40","73.04M","1.74%"
"28-05-2021","212.90","212.50","213.50","211.55","25.60M","0.83%"
"27-05-2021","211.15","211.00","214.15","210.30","47.55M","0.26%"
"26-05-2021","210.60","211.80","212.45","210.30","17.58M","-0.14%"
"25-05-2021","210.90","213.00","213.40","210.25","25.33M","-0.28%"
"24-05-2021","211.50","209.50","212.05","207.75","28.87M","1.17%"
"21-05-2021","209.05","207.60","209.85","207.40","22.64M","0.99%"
"20-05-2021","207.00","208.45","209.30","206.80","20.88M","-0.36%"
"19-05-2021","207.75","210.05","211.40","207.55","24.41M","-1.09%"
"18-05-2021","210.05","214.10","214.60","209.65","30.48M","-1.20%"
"17-05-2021","212.60","216.80","217.00","211.65","38.00M","0.16%"
"14-05-2021","212.25","205.00","213.20","204.00","61.65M","4.43%"
"12-05-2021","203.25","203.90","205.25","202.85","16.54M","-0.37%"
"11-05-2021","204.00","203.90","206.50","203.75","13.75M","-0.75%"
"10-05-2021","205.55","207.15","207.45","205.00","16.30M","0.10%"
"07-05-2021","205.35","202.95","206.45","202.95","19.46M","1.28%"
"06-05-2021","202.75","202.30","205.95","202.10","14.32M","0.67%"
"05-05-2021","201.40","201.45","202.00","199.50","13.86M","0.90%"
"04-05-2021","199.60","201.20","202.35","199.10","18.26M","-0.67%"
"03-05-2021","200.95","201.20","201.85","200.00","20.61M","-0.81%"
"30-04-2021","202.60","203.90","205.70","202.00","16.50M","-0.83%"
"29-04-2021","204.30","207.10","207.55","204.05","13.10M","-0.58%"
"28-04-2021","205.50","206.00","206.50","205.30","12.71M","0.05%"
"27-04-2021","205.40","205.30","206.95","205.05","11.44M","0.05%"
"26-04-2021","205.30","205.80","206.75","204.70","19.89M","-0.02%"
"23-04-2021","205.35","204.25","207.00","204.25","19.63M","-0.27%"
"22-04-2021","205.90","202.00","206.30","200.55","23.14M","1.15%"
"20-04-2021","203.55","206.20","207.00","202.50","21.36M","-1.00%"
"19-04-2021","205.60","205.00","206.10","203.75","15.79M","-1.13%"
"16-04-2021","207.95","208.00","209.25","206.50","13.31M","0.60%"
"15-04-2021","206.70","209.00","210.45","206.00","17.53M","-0.96%"
"13-04-2021","208.70","207.00","209.70","206.00","20.25M","1.66%"
"12-04-2021","205.30","210.00","211.00","205.00","34.51M","-3.66%"
"09-04-2021","213.10","213.75","215.95","212.55","16.36M","-0.07%"
"08-04-2021","213.25","214.85","216.10","212.85","14.12M","-0.26%"
"07-04-2021","213.80","212.70","215.20","212.45","15.20M","0.54%"
"06-04-2021","212.65","213.80","214.95","210.15","25.67M","0.05%"
"05-04-2021","212.55","217.60","220.00","210.50","31.38M","-3.41%"
"01-04-2021","220.05","220.00","220.60","217.30","29.06M","0.71%"
"31-03-2021","218.50","214.05","219.30","212.70","36.49M","1.84%"
"30-03-2021","214.55","213.25","215.00","210.40","27.79M","1.73%"
"26-03-2021","210.90","214.25","214.45","210.35","26.08M","-0.33%"
"25-03-2021","211.60","215.15","215.95","209.05","40.68M","-2.01%"
"24-03-2021","215.95","221.00","222.80","215.25","27.61M","-2.81%"
"23-03-2021","222.20","225.00","228.10","221.30","41.56M","-1.68%"
"22-03-2021","226.00","223.30","226.40","221.50","46.05M","1.37%"
"19-03-2021","222.95","219.00","226.15","215.55","134.18M","2.44%"
"18-03-2021","217.65","213.00","219.10","211.90","91.99M","3.35%"
"17-03-2021","210.60","212.20","213.90","208.55","78.58M","1.32%"
"16-03-2021","207.85","206.40","208.90","204.95","48.76M","1.17%"
"15-03-2021","205.45","205.85","206.00","201.60","41.12M","0.12%"
"12-03-2021","205.20","208.00","208.00","203.50","30.79M","-0.63%"
"10-03-2021","206.50","209.10","209.20","205.80","19.60M","-0.63%"
"09-03-2021","207.80","208.70","209.75","204.75","22.59M","-0.10%"
"08-03-2021","208.00","209.70","210.80","207.70","22.99M","-0.26%"
"05-03-2021","208.55","208.00","210.00","207.20","17.32M","-0.55%"
"04-03-2021","209.70","208.80","211.30","207.60","24.90M","-0.12%"
"03-03-2021","209.95","212.00","212.00","208.80","20.85M","0.02%"
"02-03-2021","209.90","207.00","210.80","206.50","25.60M","1.45%"
"01-03-2021","206.90","205.45","207.75","204.05","16.23M","1.50%"
"26-02-2021","203.85","207.25","208.00","203.00","43.43M","-2.53%"
"25-02-2021","209.15","209.50","211.20","208.80","25.95M","0.14%"
"24-02-2021","208.85","209.10","209.80","206.50","13.16M","0.17%"
"23-02-2021","208.50","208.00","210.55","207.00","26.68M","0.70%"
"22-02-2021","207.05","212.00","212.00","206.00","51.55M","-4.12%"
"19-02-2021","215.95","218.85","218.90","214.00","28.13M","-1.33%"
"18-02-2021","218.85","218.20","220.60","217.90","24.07M","0.51%"
"17-02-2021","217.75","217.60","218.40","216.55","19.85M","-0.23%"
"16-02-2021","218.25","219.05","221.80","217.25","29.15M","-0.16%"
"15-02-2021","218.60","218.45","221.00","217.50","31.78M","0.53%"
"12-02-2021","217.45","225.75","225.75","215.80","110.57M","-3.97%"
"11-02-2021","226.45","229.00","229.30","224.50","43.63M","-0.48%"
"10-02-2021","227.55","229.00","231.10","223.10","47.28M","-0.63%"
"09-02-2021","229.00","234.60","239.20","228.20","70.66M","-1.76%"
"08-02-2021","233.10","237.50","238.05","231.50","41.50M","-0.53%"
"05-02-2021","234.35","232.15","238.85","227.25","125.49M","1.91%"
"04-02-2021","229.95","216.10","231.40","216.00","105.82M","6.09%"
"03-02-2021","216.75","221.50","222.00","215.70","53.64M","-0.66%"
"02-02-2021","218.20","220.00","223.50","217.00","48.46M","1.04%"
"01-02-2021","215.95","204.00","217.95","201.80","57.74M","6.25%"
"29-01-2021","203.25","208.55","208.80","202.35","23.76M","-1.62%"
"28-01-2021","206.60","209.25","211.00","205.75","22.13M","-1.92%"
"27-01-2021","210.65","208.00","212.65","207.10","48.47M","1.37%"
"25-01-2021","207.80","212.00","212.50","206.85","24.97M","-1.38%"
"22-01-2021","210.70","214.00","214.75","209.15","24.71M","-1.40%"
"21-01-2021","213.70","219.00","219.50","212.20","29.00M","-1.81%"
"20-01-2021","217.65","218.50","219.00","215.70","44.67M","-0.55%"
"19-01-2021","218.85","221.00","221.70","217.50","31.79M","-0.41%"
"18-01-2021","219.75","218.40","222.00","214.60","67.61M","0.87%"
"15-01-2021","217.85","214.90","218.50","211.20","58.32M","1.73%"
"14-01-2021","214.15","212.00","216.50","211.60","48.30M","1.37%"
"13-01-2021","211.25","207.45","213.00","205.25","63.93M","2.33%"
"12-01-2021","206.45","203.00","206.90","201.60","35.62M","1.95%"
"11-01-2021","202.50","204.00","206.10","201.25","42.97M","0.50%"
"08-01-2021","201.50","204.35","206.00","200.25","56.43M","-0.64%"
"07-01-2021","202.80","206.10","207.60","202.10","34.95M","-1.27%"
"06-01-2021","205.40","211.45","211.50","204.50","49.07M","-2.86%"
"05-01-2021","211.45","212.45","213.25","210.60","18.02M","-0.91%"
"04-01-2021","213.40","214.00","216.00","212.10","26.89M","-0.21%"
"01-01-2021","213.85","209.90","214.20","209.30","19.53M","2.32%"
"31-12-2020","209.00","210.55","211.30","208.55","18.25M","-1.02%"
"30-12-2020","211.15","212.70","213.50","209.55","18.93M","-0.19%"
"29-12-2020","211.55","210.50","213.50","210.10","26.55M","0.98%"
"28-12-2020","209.50","209.00","210.20","207.85","15.74M","0.43%"
"24-12-2020","208.60","210.00","210.65","205.60","22.77M","0.41%"
"23-12-2020","207.75","203.00","208.25","202.00","23.70M","2.14%"
"22-12-2020","203.40","203.10","206.25","196.90","40.99M","0.22%"
"21-12-2020","202.95","214.50","214.70","199.15","41.83M","-5.38%"
"18-12-2020","214.50","213.10","215.95","209.75","23.78M","0.68%"
"17-12-2020","213.05","214.20","215.10","211.25","22.39M","-0.44%"
"16-12-2020","214.00","213.75","215.55","213.50","19.55M","0.21%"
"15-12-2020","213.55","215.25","216.40","211.60","23.26M","-1.09%"
"14-12-2020","215.90","217.95","218.60","215.00","26.99M","-0.18%"
"11-12-2020","216.30","214.45","217.95","213.35","60.32M","1.69%"
"10-12-2020","212.70","206.65","213.65","203.15","65.23M","3.55%"
"09-12-2020","205.40","205.00","207.80","204.65","39.68M","1.46%"
"08-12-2020","202.45","203.90","204.70","199.55","30.85M","-0.34%"
"07-12-2020","203.15","198.20","203.75","197.60","35.69M","2.50%"
"04-12-2020","198.20","196.85","199.35","196.50","22.15M","1.02%"
"03-12-2020","196.20","197.20","197.20","194.55","28.01M","0.13%"
"02-12-2020","195.95","195.00","198.75","193.55","28.43M","0.80%"
"01-12-2020","194.40","195.00","196.35","192.40","15.89M","0.39%"
"27-11-2020","193.65","194.45","195.75","193.20","31.39M","-0.59%"
"26-11-2020","194.80","195.10","195.85","192.55","24.22M","0.49%"
"25-11-2020","193.85","196.00","197.95","192.50","41.66M","-0.87%"
"24-11-2020","195.55","190.60","196.45","190.60","45.41M","2.46%"
"23-11-2020","190.85","192.00","192.50","188.65","23.18M","-0.44%"
"20-11-2020","191.70","188.80","192.00","186.05","45.31M","2.02%"
"19-11-2020","187.90","182.80","191.80","182.70","48.98M","2.09%"
"18-11-2020","184.05","186.80","188.45","182.75","26.60M","-1.76%"
"17-11-2020","187.35","189.00","189.40","186.40","20.95M","-0.66%"
"14-11-2020","188.60","189.05","190.00","188.05","7.77M","0.80%"
"13-11-2020","187.10","187.20","188.80","185.55","28.20M","-0.48%"
"12-11-2020","188.00","185.20","188.75","183.85","46.37M","1.46%"
"11-11-2020","185.30","179.60","185.90","178.60","63.32M","3.90%"
"10-11-2020","178.35","175.00","179.55","171.85","57.46M","3.21%"
"09-11-2020","172.80","173.95","177.30","171.85","35.29M","-0.66%"
"06-11-2020","173.95","176.50","177.20","173.40","34.25M","-0.46%"
"05-11-2020","174.75","171.25","175.00","170.20","27.00M","2.92%"
"04-11-2020","169.80","170.05","171.80","168.20","18.81M","-0.18%"
"03-11-2020","170.10","167.20","170.75","167.10","22.60M","2.01%"
"02-11-2020","166.75","166.80","167.20","164.45","14.37M","0.91%"
"30-10-2020","165.25","164.00","166.80","163.35","16.35M","0.85%"
"29-10-2020","163.85","165.00","165.95","163.45","21.01M","-1.00%"
"28-10-2020","165.50","168.50","168.50","165.00","16.82M","-1.02%"
"27-10-2020","167.20","168.50","169.30","166.75","45.89M","-0.80%"
"26-10-2020","168.55","171.50","171.60","168.25","16.08M","-1.29%"
"23-10-2020","170.75","168.95","171.00","167.75","20.15M","1.31%"
"22-10-2020","168.55","167.55","169.10","167.00","22.04M","0.54%"
"21-10-2020","167.65","168.15","168.90","166.60","16.48M","0.12%"
"20-10-2020","167.45","168.00","168.30","166.70","16.15M","-0.48%"
"19-10-2020","168.25","166.80","168.90","166.15","19.02M","1.54%"
"16-10-2020","165.70","165.50","166.80","163.80","20.23M","0.39%"
"15-10-2020","165.05","167.70","167.80","164.55","27.12M","-1.64%"
"14-10-2020","167.80","170.55","171.00","167.05","38.22M","-1.38%"
"13-10-2020","170.15","172.85","174.85","169.50","35.69M","-1.19%"
"12-10-2020","172.20","170.50","175.20","170.00","66.25M","2.59%"
"09-10-2020","167.85","167.50","168.90","166.35","22.37M","0.42%"
"08-10-2020","167.15","170.10","170.40","166.90","25.50M","-1.39%"
"07-10-2020","169.50","170.00","170.90","169.00","16.29M","-0.24%"
"06-10-2020","169.90","169.50","171.60","168.10","21.89M","0.38%"
"05-10-2020","169.25","171.10","172.80","168.75","24.30M","-0.94%"
"01-10-2020","170.85","174.50","174.60","170.10","19.76M","-0.50%"
"30-09-2020","171.70","170.00","172.10","168.70","18.48M","1.36%"
"29-09-2020","169.40","174.75","174.75","169.00","25.62M","-2.25%"
"28-09-2020","173.30","171.00","174.80","170.50","23.19M","1.49%"
"25-09-2020","170.75","168.90","171.20","167.00","26.63M","2.52%"
"24-09-2020","166.55","171.70","171.75","166.15","31.49M","-3.45%"
"23-09-2020","172.50","174.95","177.55","171.70","61.79M","-0.98%"
"22-09-2020","174.20","175.75","176.75","173.75","18.53M","-0.88%"
"21-09-2020","175.75","180.00","180.60","175.05","23.89M","-1.87%"
"18-09-2020","179.10","179.55","179.85","177.00","29.78M","0.28%"
"17-09-2020","178.60","180.80","181.50","177.80","33.94M","-1.13%"
"16-09-2020","180.65","181.85","183.50","180.05","50.65M","-0.63%"
"15-09-2020","181.80","184.00","184.20","180.80","30.77M","-0.85%"
"14-09-2020","183.35","185.80","185.85","183.00","30.99M","-0.33%"
"11-09-2020","183.95","184.90","186.50","182.75","19.26M","-0.51%"
"10-09-2020","184.90","184.10","185.70","183.20","17.79M","0.60%"
"09-09-2020","183.80","185.50","186.25","182.30","27.83M","-2.31%"
"08-09-2020","188.15","189.60","190.55","184.60","25.59M","-0.50%"
"07-09-2020","189.10","187.25","190.50","180.80","32.66M","1.29%"
"04-09-2020","186.70","190.00","190.00","185.70","41.39M","-2.56%"
"03-09-2020","191.60","191.40","193.25","190.00","15.69M","0.13%"
"02-09-2020","191.35","191.30","193.00","189.65","20.59M","0.60%"
"01-09-2020","190.20","191.10","192.35","188.25","39.78M","-0.47%"
"31-08-2020","191.10","199.00","199.00","190.00","97.00M","-2.28%"
"28-08-2020","195.55","194.60","196.30","194.05","34.65M","0.67%"
"27-08-2020","194.25","198.50","198.90","193.90","47.21M","-0.36%"
"26-08-2020","194.95","196.50","196.55","193.65","22.63M","-0.23%"
"25-08-2020","195.40","197.25","198.30","195.10","15.20M","-0.66%"
"24-08-2020","196.70","197.25","199.00","196.35","14.74M","-0.05%"
"21-08-2020","196.80","198.00","199.20","196.30","17.23M","0.51%"
"20-08-2020","195.80","197.00","197.20","194.55","16.91M","-1.34%"
"19-08-2020","198.45","198.60","201.70","198.10","15.47M","-0.05%"
"18-08-2020","198.55","199.90","199.90","197.25","12.49M","-0.10%"
"17-08-2020","198.75","198.05","199.50","196.85","11.74M","1.20%"
"14-08-2020","196.40","201.60","203.35","195.50","28.75M","-2.51%"
"13-08-2020","201.45","203.50","204.20","197.10","22.70M","-1.35%"
"12-08-2020","204.20","202.50","204.90","200.40","21.29M","0.57%"
"11-08-2020","203.05","200.00","207.70","200.00","55.14M","2.11%"
"10-08-2020","198.85","196.40","199.65","196.40","16.47M","1.43%"
"07-08-2020","196.05","195.50","197.00","194.15","20.91M","0.36%"
"06-08-2020","195.35","194.20","195.60","193.10","17.89M","1.32%"
"05-08-2020","192.80","194.50","194.60","191.70","48.77M","-0.44%"
"04-08-2020","193.65","192.60","195.80","192.60","17.19M","0.55%"
"03-08-2020","192.60","194.00","194.00","191.90","13.27M","-0.80%"
"31-07-2020","194.15","193.50","196.95","193.50","16.65M","0.41%"
"30-07-2020","193.35","198.40","198.40","192.50","16.32M","-1.70%"
"29-07-2020","196.70","193.45","198.20","193.40","14.83M","0.67%"
"28-07-2020","195.40","197.00","198.65","195.05","19.29M","-0.51%"
"27-07-2020","196.40","200.50","200.50","195.15","22.65M","-1.60%"
"24-07-2020","199.60","201.00","201.70","197.30","60.19M","-0.55%"
"23-07-2020","200.70","197.65","201.50","196.80","31.49M","2.11%"
"22-07-2020","196.55","193.00","197.90","192.50","32.57M","2.24%"
"21-07-2020","192.25","192.10","194.20","191.50","28.01M","-0.23%"
"20-07-2020","192.70","195.00","195.35","192.35","18.92M","-0.70%"
"17-07-2020","194.05","193.30","195.40","193.00","14.88M","0.10%"
"16-07-2020","193.85","198.70","198.85","192.00","22.14M","-2.44%"
"15-07-2020","198.70","196.35","200.00","194.50","23.78M","1.43%"
"14-07-2020","195.90","197.40","199.50","192.75","18.48M","-0.84%"
"13-07-2020","197.55","195.90","198.75","195.10","20.30M","1.65%"
"10-07-2020","194.35","195.15","196.50","194.00","16.19M","-0.56%"
"09-07-2020","195.45","196.90","197.00","194.15","18.77M","-0.43%"
"08-07-2020","196.30","194.25","197.95","194.25","21.28M","1.06%"
"07-07-2020","194.25","200.00","200.50","194.00","31.28M","-2.78%"
"06-07-2020","199.80","200.35","201.95","198.95","34.71M","-3.73%"
"03-07-2020","207.55","208.00","208.50","206.00","37.90M","0.83%"
"02-07-2020","205.85","204.45","206.75","202.55","39.32M","1.45%"
"01-07-2020","202.90","194.65","203.85","194.65","44.30M","4.24%"
"30-06-2020","194.65","199.40","199.40","194.00","41.22M","-1.32%"
"29-06-2020","197.25","202.50","203.00","196.20","91.50M","1.05%"
"26-06-2020","195.20","206.00","209.40","193.30","71.96M","-3.41%"
"25-06-2020","202.10","192.25","203.50","191.65","75.58M","5.34%"
"24-06-2020","191.85","187.40","194.70","186.15","54.65M","3.23%"
"23-06-2020","185.85","185.40","187.50","184.75","26.55M","0.46%"
"22-06-2020","185.00","186.50","187.50","183.15","31.40M","0.52%"
"19-06-2020","184.05","187.10","187.95","183.60","30.53M","-1.37%"
"18-06-2020","186.60","181.20","187.50","180.70","28.89M","2.98%"
"17-06-2020","181.20","184.00","185.00","180.70","24.03M","-2.05%"
"16-06-2020","185.00","190.80","190.95","181.90","27.64M","-1.18%"
"15-06-2020","187.20","193.90","193.95","186.30","24.46M","-3.46%"
"12-06-2020","193.90","188.95","195.20","187.85","22.56M","-0.18%"
"11-06-2020","194.25","200.00","201.25","193.60","19.85M","-2.41%"
"10-06-2020","199.05","199.45","203.15","198.30","27.20M","0.28%"
"09-06-2020","198.50","198.25","206.20","197.65","39.91M","0.43%"
"08-06-2020","197.65","202.90","203.65","197.00","19.56M","-1.18%"
"05-06-2020","200.00","201.80","202.00","198.65","14.63M","-0.07%"
"04-06-2020","200.15","197.75","202.50","195.00","22.00M","1.75%"
"03-06-2020","196.70","200.00","200.90","195.60","18.98M","-0.28%"
"02-06-2020","197.25","201.90","201.90","196.70","22.63M","-1.65%"
"01-06-2020","200.55","201.00","205.25","199.00","28.51M","1.62%"
"29-05-2020","197.35","190.45","198.00","189.00","35.84M","3.51%"
"28-05-2020","190.65","192.30","192.90","189.00","24.58M","-0.78%"
"27-05-2020","192.15","192.50","193.90","186.90","24.55M","0.23%"
"26-05-2020","191.70","190.00","194.95","187.80","53.24M","2.87%"
"22-05-2020","186.35","188.00","191.90","184.60","39.01M","-1.38%"
"21-05-2020","188.95","175.60","190.45","172.65","58.38M","7.51%"
"20-05-2020","175.75","171.95","177.00","171.00","25.32M","2.93%"
"19-05-2020","170.75","166.50","171.65","165.10","20.14M","3.64%"
"18-05-2020","164.75","166.00","167.30","163.15","20.80M","0.06%"
"15-05-2020","164.65","162.20","165.50","161.15","14.95M","0.52%"
"14-05-2020","163.80","164.50","168.25","161.95","14.95M","-0.97%"
"13-05-2020","165.40","173.40","173.60","164.50","20.02M","0.21%"
"12-05-2020","165.05","158.45","165.90","157.50","21.39M","4.17%"
"11-05-2020","158.45","160.00","163.50","158.00","18.10M","0.13%"
"08-05-2020","158.25","163.95","164.15","157.10","25.31M","-1.71%"
"07-05-2020","161.00","164.00","165.85","160.50","24.25M","-1.77%"
"06-05-2020","163.90","171.40","171.40","160.50","65.59M","-5.75%"
"05-05-2020","173.90","175.00","177.45","172.00","17.71M","-0.09%"
"04-05-2020","174.05","181.75","181.75","170.65","30.30M","-4.39%"
"30-04-2020","182.05","184.90","184.90","180.45","30.17M","-0.05%"
"29-04-2020","182.15","180.50","182.90","179.65","21.46M","1.50%"
"28-04-2020","179.45","180.00","180.80","178.05","17.80M","-0.22%"
"27-04-2020","179.85","180.25","182.30","179.30","13.09M","-0.11%"
"24-04-2020","180.05","181.00","182.80","179.30","18.05M","-0.28%"
"23-04-2020","180.55","182.95","184.00","179.65","32.97M","-0.93%"
"22-04-2020","182.25","179.00","183.55","176.00","25.16M","1.48%"
"21-04-2020","179.60","178.00","184.30","176.05","23.33M","-0.61%"
"20-04-2020","180.70","189.95","189.95","179.50","35.77M","-3.93%"
"17-04-2020","188.10","190.45","191.40","186.95","26.67M","0.94%"
"16-04-2020","186.35","189.65","191.20","185.45","27.08M","-1.58%"
"15-04-2020","189.35","184.05","193.75","182.70","49.09M","4.27%"
"13-04-2020","181.60","184.50","186.65","181.05","17.74M","-1.97%"
"09-04-2020","185.25","184.00","186.25","180.00","42.64M","3.69%"
"08-04-2020","178.65","180.85","184.00","176.65","37.56M","-1.60%"
"07-04-2020","181.55","185.70","185.70","173.65","36.12M","2.05%"
"03-04-2020","177.90","167.90","182.75","167.00","62.87M","6.91%"
"01-04-2020","166.40","171.70","172.75","164.55","18.14M","-3.09%"
"31-03-2020","171.70","164.00","173.85","161.55","42.63M","7.85%"
"30-03-2020","159.20","156.05","164.90","156.05","28.12M","-2.45%"
"27-03-2020","163.20","162.00","166.00","155.00","32.64M","4.35%"
"26-03-2020","156.40","150.00","159.40","143.25","58.44M","6.14%"
"25-03-2020","147.35","151.00","152.00","139.00","62.51M","-1.57%"
"24-03-2020","149.70","162.95","163.70","147.40","52.57M","-2.98%"
"23-03-2020","154.30","158.00","162.00","149.20","51.35M","-12.08%"
"20-03-2020","175.50","165.10","176.50","165.10","62.00M","8.43%"
"19-03-2020","161.85","150.70","163.55","144.75","89.75M","7.40%"
"18-03-2020","150.70","152.10","154.65","147.35","50.25M","1.04%"
"17-03-2020","149.15","148.00","155.80","146.05","47.66M","1.29%"
"16-03-2020","147.25","158.00","158.10","145.25","33.26M","-9.24%"
"13-03-2020","162.25","150.00","164.00","134.60","61.59M","4.14%"
"12-03-2020","155.80","169.00","169.15","150.55","52.04M","-11.30%"
"11-03-2020","175.65","174.00","176.75","172.35","27.96M","-0.87%"
"09-03-2020","177.20","179.00","179.00","174.50","21.80M","-2.50%"
"06-03-2020","181.75","184.85","184.85","179.75","26.76M","-3.35%"
"05-03-2020","188.05","187.55","191.20","186.55","20.03M","0.29%"
"04-03-2020","187.50","194.95","195.55","186.55","27.66M","-3.28%"
"03-03-2020","193.85","197.00","197.45","192.55","17.95M","-0.74%"
"02-03-2020","195.30","199.50","203.45","193.65","18.56M","-1.14%"
"28-02-2020","197.55","195.00","199.90","192.05","32.63M","0.00%"
"27-02-2020","197.55","198.40","199.15","195.90","17.27M","-0.53%"
"26-02-2020","198.60","200.65","201.95","196.30","17.87M","-1.59%"
"25-02-2020","201.80","203.80","205.40","201.50","15.31M","-0.59%"
"24-02-2020","203.00","207.00","207.45","201.80","16.59M","-2.15%"
"20-02-2020","207.45","207.00","208.55","205.45","15.59M","0.36%"
"19-02-2020","206.70","205.25","207.15","203.85","9.05M","1.40%"
"18-02-2020","203.85","204.55","204.60","200.50","20.93M","-0.46%"
"17-02-2020","204.80","208.00","208.65","204.00","15.56M","-1.40%"
"14-02-2020","207.70","212.25","212.90","206.80","13.73M","-1.98%"
"13-02-2020","211.90","213.05","213.45","211.20","9.15M","-0.54%"
"12-02-2020","213.05","213.40","214.80","211.80","9.93M","0.21%"
"11-02-2020","212.60","216.50","216.95","211.80","29.80M","0.97%"
"10-02-2020","210.55","214.00","214.05","210.05","9.62M","-1.34%"
"07-02-2020","213.40","213.80","215.70","212.75","17.13M","-0.07%"
"06-02-2020","213.55","218.00","219.90","211.80","27.39M","-1.34%"
"05-02-2020","216.45","216.30","217.50","211.50","21.25M","0.37%"
"04-02-2020","215.65","210.80","217.60","209.15","35.77M","3.88%"
"03-02-2020","207.60","215.00","216.90","205.00","79.76M","-5.21%"
"01-02-2020","219.00","236.90","239.25","215.50","42.27M","-6.87%"
"31-01-2020","235.15","235.75","238.40","234.05","18.46M","0.47%"
"30-01-2020","234.05","236.95","237.00","233.00","10.39M","-1.10%"
"29-01-2020","236.65","231.50","237.65","231.15","20.47M","2.56%"
"28-01-2020","230.75","234.75","235.90","230.50","14.58M","-1.64%"
"27-01-2020","234.60","237.00","237.40","234.30","6.84M","-1.49%"
"24-01-2020","238.15","237.40","239.10","237.00","6.80M","0.11%"
"23-01-2020","237.90","238.10","238.75","236.90","6.12M","-0.06%"
"22-01-2020","238.05","239.60","239.60","237.10","7.65M","-0.17%"
"21-01-2020","238.45","241.45","241.45","238.00","9.57M","-1.43%"
"20-01-2020","241.90","240.05","243.25","240.05","8.02M","0.81%"
"17-01-2020","239.95","240.75","242.10","239.40","7.39M","-0.33%"
"16-01-2020","240.75","242.50","243.90","240.10","9.37M","-0.68%"
"15-01-2020","242.40","242.55","243.00","241.10","5.48M","-0.35%"
"14-01-2020","243.25","240.25","243.80","238.30","11.84M","1.67%"
"13-01-2020","239.25","238.50","240.50","238.25","12.24M","0.53%"
"10-01-2020","238.00","237.60","238.75","236.80","9.97M","0.93%"
"09-01-2020","235.80","235.60","236.60","235.05","9.45M","0.68%"
"08-01-2020","234.20","234.00","235.80","233.25","7.04M","-0.49%"
"07-01-2020","235.35","236.05","237.90","234.60","8.42M","0.11%"
"06-01-2020","235.10","237.50","238.30","235.00","7.64M","-1.43%"
"03-01-2020","238.50","241.00","241.00","238.00","9.28M","-0.56%"
"02-01-2020","239.85","238.20","240.95","238.10","8.40M","0.73%"
"01-01-2020","238.10","238.60","238.60","237.10","4.21M","0.17%"