Date,Price,Open,High,Low,Vol.,Change %
10-01-2025,356.35,367.15,368.5,355.05,9.58M,-2.94%
09-01-2025,367.15,374.05,376,366,6.42M,-1.84%
08-01-2025,374.05,379.5,380.45,372.05,8.18M,-1.24%
07-01-2025,378.75,380,384.45,377.55,7.29M,0.03%
06-01-2025,378.65,397,397,377,11.69M,-4.54%
03-01-2025,396.65,396,402.95,395.45,8.25M,0.29%
02-01-2025,395.5,392,397,387.1,11.24M,0.80%
01-01-2025,392.35,392.5,394.2,389.3,4.40M,-0.01%
31-12-2024,392.4,389.5,395,385.5,9.69M,0.68%
30-12-2024,389.75,399.6,400.3,387,29.02M,-2.32%
27-12-2024,399,406,408,398.15,5.98M,-1.31%
26-12-2024,404.3,401,408,397.7,8.62M,1.23%
24-12-2024,399.4,400.85,405.25,398.25,6.76M,-0.13%
23-12-2024,399.9,404.85,406,396.85,9.05M,-0.30%
20-12-2024,401.1,412.6,415.4,400.05,10.21M,-2.79%
19-12-2024,412.6,410,413.9,406.7,7.24M,-0.58%
18-12-2024,415,420.9,421,413,6.31M,-1.40%
17-12-2024,420.9,425.4,428,419.3,6.45M,-1.08%
16-12-2024,425.5,427.95,430.4,424.35,4.24M,-0.69%
13-12-2024,428.45,432,432.4,420.3,8.03M,-1.18%
12-12-2024,433.55,435,436.75,429,6.05M,-0.29%
11-12-2024,434.8,435.6,438.6,434.3,5.82M,-0.09%
10-12-2024,435.2,441.95,442.65,432.05,9.85M,-1.26%
09-12-2024,440.75,443,447.7,439.1,13.42M,0.24%
06-12-2024,439.7,433.8,442.5,433.25,17.37M,2.05%
05-12-2024,430.85,425.65,433.3,419.5,10.80M,1.22%
04-12-2024,425.65,428.55,432,424.3,6.20M,-0.68%
03-12-2024,428.55,418.4,429.9,417.6,14.37M,2.89%
02-12-2024,416.5,413,418.9,412,8.16M,0.57%
29-11-2024,414.15,414.5,417.5,410.45,8.48M,-0.08%
28-11-2024,414.5,418.35,421,412.1,9.85M,-0.75%
27-11-2024,417.65,411.8,418.5,409.25,7.87M,1.79%
26-11-2024,410.3,413.9,415.4,408,7.29M,-0.50%
25-11-2024,412.35,421.45,423.45,410,20.23M,-0.34%
22-11-2024,413.75,414.9,416.9,409.25,11.17M,1.40%
21-11-2024,408.05,411.5,413.4,397.4,13.36M,-0.01%
19-11-2024,408.1,406.25,417.8,406.25,8.87M,0.84%
18-11-2024,404.7,408,410.9,397.6,10.70M,0.01%
14-11-2024,404.65,401.95,411.85,400.5,11.06M,1.33%
13-11-2024,399.35,413,416.2,396.95,13.33M,-3.57%
12-11-2024,414.15,432.05,436.35,412.5,11.04M,-4.02%
11-11-2024,431.5,431.95,437.75,428.05,8.28M,-0.29%
08-11-2024,432.75,446.8,446.8,430,9.33M,-2.73%
07-11-2024,444.9,451.5,454.75,443,9.82M,-0.98%
06-11-2024,449.3,437.1,452,436.5,12.64M,3.50%
05-11-2024,434.1,429,434.85,425.85,8.89M,1.18%
04-11-2024,429.05,446.25,446.8,426.05,13.26M,-3.68%
01-11-2024,445.45,444,448.45,442.1,4.39M,1.23%
31-10-2024,440.05,430.5,444.8,420.8,29.69M,3.06%
30-10-2024,427,426.05,433.3,421.85,9.70M,0.38%
29-10-2024,425.4,428,428.55,415.25,9.52M,-0.07%
28-10-2024,425.7,423.5,429.5,415,8.79M,0.85%
25-10-2024,422.1,438,439.1,414.5,16.75M,-3.63%
24-10-2024,438,437.1,441.25,432.05,7.75M,0.07%
23-10-2024,437.7,436.5,443.15,430.4,11.70M,0.42%
22-10-2024,435.85,453.8,454.1,434,12.89M,-3.96%
21-10-2024,453.8,455.55,465.55,449.65,13.39M,0.06%
18-10-2024,453.55,449.9,456.5,443.05,11.05M,0.74%
17-10-2024,450.2,461,462.6,449,10.20M,-2.23%
16-10-2024,460.45,463.25,469.5,457.3,8.57M,-0.66%
15-10-2024,463.5,463.5,474.4,461.05,11.99M,0.26%
14-10-2024,462.3,463.8,464.8,458.35,8.55M,0.25%
11-10-2024,461.15,465.65,467.35,459.35,8.01M,-0.97%
10-10-2024,465.65,460,477.9,456.2,20.63M,1.04%
09-10-2024,460.85,459.95,470.4,452.6,16.27M,0.86%
08-10-2024,456.9,441.6,460.95,439.6,20.65M,3.54%
07-10-2024,441.3,467.9,468.9,438.7,19.89M,-5.43%
04-10-2024,466.65,471.5,474.45,460.6,13.34M,-1.09%
03-10-2024,471.8,469.05,477.95,464.5,14.97M,-1.96%
01-10-2024,481.25,486.8,491.2,479.4,15.14M,-0.28%
30-09-2024,482.6,485.4,489,473.35,15.76M,-0.60%
27-09-2024,485.5,482.5,494.85,477.5,32.12M,1.99%
26-09-2024,476.05,470,477.85,465.55,20.07M,1.70%
25-09-2024,468.1,468.75,470.9,460.4,15.95M,-0.14%
24-09-2024,468.75,455.55,474.25,453.35,40.26M,3.15%
23-09-2024,454.45,444.95,460,444.5,26.48M,2.32%
20-09-2024,444.15,441.8,446.5,439.35,11.84M,1.04%
19-09-2024,439.6,442.7,450.6,430.8,12.72M,-0.23%
18-09-2024,440.6,445.5,447.1,437.95,7.01M,-1.01%
17-09-2024,445.1,443.35,450.9,439.55,10.74M,0.39%
16-09-2024,443.35,443.5,451.9,440.5,8.85M,0.35%
13-09-2024,441.8,446,449.6,441.05,13.34M,0.43%
12-09-2024,439.9,438.55,443.4,436.1,8.73M,0.98%
11-09-2024,435.65,445.9,449,432.8,20.19M,-2.18%
10-09-2024,445.35,422.4,447.15,420.5,39.71M,6.58%
09-09-2024,417.85,417,419.15,411.3,6.59M,0.20%
06-09-2024,417,420,421.3,414.35,10.24M,-0.93%
05-09-2024,420.9,421.1,424,419.15,8.17M,0.00%
04-09-2024,420.9,429.7,429.7,419.65,14.76M,-3.01%
03-09-2024,433.95,433.5,434.65,431.3,9.71M,0.17%
02-09-2024,433.2,435.85,436.75,429.5,9.40M,-0.33%
30-08-2024,434.65,432.4,437.4,431.35,12.87M,0.87%
29-08-2024,430.9,431.4,433.1,424.7,9.94M,-0.12%
28-08-2024,431.4,430,434.2,428.6,18.21M,0.76%
27-08-2024,428.15,422.5,429.45,421,11.90M,1.34%
26-08-2024,422.5,420,423.5,417,6.79M,1.09%
23-08-2024,417.95,422.6,423.15,417.2,5.65M,-1.18%
22-08-2024,422.95,425.8,425.8,421.55,4.52M,-0.37%
21-08-2024,424.5,427.3,427.3,421.65,10.59M,0.52%
20-08-2024,422.3,418.15,423.9,416.7,7.95M,0.84%
19-08-2024,418.8,416.7,420.9,415.05,8.19M,1.25%
16-08-2024,413.65,408.9,414.35,406.75,8.27M,2.02%
14-08-2024,405.45,410,412.9,403.1,11.67M,-0.69%
13-08-2024,408.25,420,420,406.4,13.65M,-2.37%
12-08-2024,418.15,417.1,422.9,411.05,14.45M,0.10%
09-08-2024,417.75,424.9,425,416.05,13.06M,-0.05%
08-08-2024,417.95,432.5,432.5,417,25.15M,-2.87%
07-08-2024,430.3,444,445.3,426.1,29.08M,-1.47%
06-08-2024,436.7,438,449.4,433.5,19.25M,0.44%
05-08-2024,434.8,446,452.9,430.1,28.37M,-5.55%
02-08-2024,460.35,460.3,471,452.35,27.53M,-0.87%
01-08-2024,464.4,454.95,465.85,454.05,34.02M,2.38%
31-07-2024,453.6,446.4,455,445,21.23M,2.14%
30-07-2024,444.1,442.25,449.2,440,11.26M,0.42%
29-07-2024,442.25,446.95,450,441,13.72M,-0.55%
26-07-2024,444.7,432,446.2,430.15,33.29M,5.04%
25-07-2024,423.35,416.35,425.75,412.65,12.47M,0.81%
24-07-2024,419.95,416.45,425,415.25,9.46M,0.84%
23-07-2024,416.45,428.65,428.65,400,17.99M,-1.79%
22-07-2024,424.05,415,425,409.6,9.44M,2.39%
19-07-2024,414.15,429.95,429.95,412.85,16.56M,-3.67%
18-07-2024,429.95,440.9,441,429,12.05M,-1.59%
16-07-2024,436.9,440.4,445.25,436.1,10.72M,-0.56%
15-07-2024,439.35,436.4,442.6,431,6.60M,1.22%
12-07-2024,434.05,441.8,442.15,432.35,6.83M,-1.44%
11-07-2024,440.4,438.95,444.5,436.1,8.55M,0.70%
10-07-2024,437.35,439.95,442,426.85,8.75M,-0.36%
09-07-2024,438.95,437.5,441.8,434.7,6.08M,1.27%
08-07-2024,433.45,440.7,443.45,431.9,9.15M,-1.48%
05-07-2024,439.95,436.45,440.3,434,8.71M,0.85%
04-07-2024,436.25,433.95,442.25,433.25,10.69M,0.55%
03-07-2024,433.85,433.45,435.45,430.8,9.20M,0.25%
02-07-2024,432.75,436,437,428,7.51M,-0.61%
01-07-2024,435.4,441,441.65,434.35,8.02M,-1.18%
28-06-2024,440.6,439.45,444.45,438.3,11.34M,0.26%
27-06-2024,439.45,432.2,443,426.5,18.72M,1.68%
26-06-2024,432.2,430.35,435.8,429.05,9.32M,0.34%
25-06-2024,430.75,436,437.95,429.4,7.14M,-1.11%
24-06-2024,435.6,436,439.5,432.05,7.88M,-0.71%
21-06-2024,438.7,443.65,445.2,437.65,16.11M,-1.12%
20-06-2024,443.65,443,446.5,436.55,8.06M,0.29%
19-06-2024,442.35,452,452.65,441.65,8.98M,-2.07%
18-06-2024,451.7,449.75,454.25,448.15,6.52M,0.68%
14-06-2024,448.65,452.4,453.6,447.5,7.86M,-0.72%
13-06-2024,451.9,457,458,449.65,12.21M,0.50%
12-06-2024,449.65,451,453.85,448.55,7.07M,0.28%
11-06-2024,448.4,448,453.75,446.75,9.80M,0.09%
10-06-2024,448,446.6,458.75,445.15,20.55M,1.00%
07-06-2024,443.55,430,445.7,427,15.04M,2.78%
06-06-2024,431.55,430,438.4,425.75,13.64M,2.07%
05-06-2024,422.8,417,424.45,390,25.59M,5.81%
04-06-2024,399.6,458.9,458.9,371.65,58.99M,-12.47%
03-06-2024,456.55,460,460,447.35,25.03M,4.53%
31-05-2024,436.75,425.4,438.7,425.4,15.29M,2.68%
30-05-2024,425.35,432.85,433.5,422.55,9.06M,-1.73%
29-05-2024,432.85,435,439.45,432.1,7.24M,-0.93%
28-05-2024,436.9,447,449.4,434.15,9.56M,-2.05%
27-05-2024,446.05,448.9,452.55,445,10.07M,-0.26%
24-05-2024,447.2,449.15,452.95,446.1,9.76M,-0.43%
23-05-2024,449.15,450.4,452.1,445.5,8.87M,0.32%
22-05-2024,447.7,442,450.05,436.5,16.09M,1.36%
21-05-2024,441.7,443.4,446.35,440.05,11.54M,0.06%
18-05-2024,441.45,437.8,443.75,436.5,2.62M,1.18%
17-05-2024,436.3,433.95,438.3,432.35,7.39M,0.54%
16-05-2024,433.95,435,435.35,426.85,8.32M,0.61%
15-05-2024,431.3,433.8,439.95,430.35,13.80M,0.22%
14-05-2024,430.35,413.1,432,412.65,18.40M,4.52%
13-05-2024,411.75,414.85,415.35,396.55,25.15M,-0.75%
10-05-2024,414.85,415,418.25,404.15,19.95M,0.33%
09-05-2024,413.5,427.85,431.25,412.1,28.01M,-4.95%
08-05-2024,435.05,434.75,441.2,430.1,13.91M,-0.31%
07-05-2024,436.4,448.55,449.25,432.4,14.13M,-2.22%
06-05-2024,446.3,458.6,458.6,442.35,16.74M,-1.86%
03-05-2024,454.75,461.6,464.2,448.5,16.83M,-0.68%
02-05-2024,457.85,450.05,459.95,449.25,15.88M,1.91%
30-04-2024,449.25,451.65,455.3,448.05,22.52M,0.28%
29-04-2024,448,439.85,451.35,437.25,23.57M,2.54%
26-04-2024,436.9,432.55,440.5,432.5,14.34M,1.26%
25-04-2024,431.45,428.3,433.1,427,7.79M,0.74%
24-04-2024,428.3,430.05,432.45,427,6.46M,-0.31%
23-04-2024,429.65,430.05,432.4,427.65,9.35M,0.40%
22-04-2024,427.95,434,435,426.75,12.13M,-0.04%
19-04-2024,428.1,426.25,431.7,419.3,17.99M,-0.38%
18-04-2024,429.75,434.9,442.8,427.05,21.00M,-0.15%
16-04-2024,430.4,431.4,435.7,426.55,14.66M,-0.28%
15-04-2024,431.6,424,441.45,417.2,32.55M,-1.22%
12-04-2024,436.95,431.5,444.2,429.1,25.43M,1.16%
10-04-2024,431.95,432,439.4,431,18.39M,0.48%
09-04-2024,429.9,417,436.15,416.35,37.38M,3.25%
08-04-2024,416.35,417.5,418.7,414.75,7.59M,0.42%
05-04-2024,414.6,414.1,415.45,408.05,8.53M,0.12%
04-04-2024,414.1,415.7,419.85,410.7,16.38M,0.45%
03-04-2024,412.25,409,415.25,407.35,12.20M,0.84%
02-04-2024,408.8,407,412.15,406.6,10.63M,0.45%
01-04-2024,406.95,398.95,408.85,397.55,17.77M,3.23%
28-03-2024,394.2,391,398.9,391,16.04M,1.49%
27-03-2024,388.4,391.55,393.85,387.5,9.08M,-0.44%
26-03-2024,390.1,390.5,394,387.75,9.14M,-0.15%
22-03-2024,390.7,389.9,395.5,386.5,11.76M,-0.37%
21-03-2024,392.15,385.1,394.35,384,16.91M,3.22%
20-03-2024,379.9,386,388.35,371.1,18.07M,-0.87%
19-03-2024,383.25,392.15,392.9,381.1,14.81M,-2.42%
18-03-2024,392.75,382.85,394.45,378.55,34.07M,3.15%
15-03-2024,380.75,384.45,388,372,20.86M,-0.96%
14-03-2024,384.45,371.95,386.3,365.55,27.09M,3.36%
13-03-2024,371.95,399.25,399.8,367.75,36.19M,-6.10%
12-03-2024,396.1,414.4,414.7,395,26.81M,-4.13%
11-03-2024,413.15,414,421.5,404.65,39.12M,-2.85%
07-03-2024,425.25,396,433.3,396,98.88M,7.67%
06-03-2024,394.95,396.15,397.6,384.7,15.80M,-0.30%
05-03-2024,396.15,392,399.95,390.5,18.80M,1.12%
04-03-2024,391.75,381.05,394,380.2,25.81M,3.32%
02-03-2024,379.15,378.5,380.55,377.65,1.09M,0.46%
01-03-2024,377.4,375.55,379.75,374.55,7.85M,1.52%
29-02-2024,371.75,367,374,363.05,8.09M,1.64%
28-02-2024,365.75,375.5,378.25,364.6,8.58M,-2.61%
27-02-2024,375.55,379,379.5,373.95,6.32M,-0.75%
26-02-2024,378.4,379,381.4,377.7,6.23M,0.00%
23-02-2024,378.4,379.35,381.75,377.5,5.69M,0.13%
22-02-2024,377.9,377.05,379.7,369.25,8.45M,0.65%
21-02-2024,375.45,380.7,383.85,373.5,10.28M,-0.92%
20-02-2024,378.95,381,382.5,376.05,7.30M,-0.41%
19-02-2024,380.5,383.1,385.8,379.1,12.56M,1.12%
16-02-2024,376.3,383,383,375.25,9.59M,-0.67%
15-02-2024,378.85,376.65,382.35,374.75,16.00M,1.38%
14-02-2024,373.7,364.3,374.6,358.2,15.22M,2.37%
13-02-2024,365.05,361.7,366.5,354.6,21.22M,0.93%
12-02-2024,361.7,379.9,386.15,359.2,44.08M,-7.75%
09-02-2024,392.1,412.9,412.9,384.05,38.30M,-3.76%
08-02-2024,407.4,396.5,410.9,393.1,21.63M,3.10%
07-02-2024,395.15,395.7,401.75,392,13.28M,0.56%
06-02-2024,392.95,396.65,396.65,386.75,12.29M,-0.27%
05-02-2024,394,395.5,402.5,390.2,22.19M,1.08%
02-02-2024,389.8,391.55,394.8,387.55,13.34M,0.24%
01-02-2024,388.85,392.1,396.7,385.45,25.40M,-0.23%
31-01-2024,389.75,385,391.2,383.7,15.54M,1.70%
30-01-2024,383.25,386.1,392.8,382,23.86M,0.35%
29-01-2024,381.9,369.45,387.25,366.85,34.45M,4.60%
25-01-2024,365.1,358.95,366.7,358,19.95M,2.28%
24-01-2024,356.95,348.5,357.9,343.75,19.81M,3.11%
23-01-2024,346.2,365.5,365.75,341.2,25.99M,0.10%
20-01-2024,345.85,350,351.8,345,5.63M,-0.80%
19-01-2024,348.65,348,351.3,345.1,13.48M,0.90%
18-01-2024,345.55,347.8,350,335.3,16.86M,-0.93%
17-01-2024,348.8,352.4,355.35,346.5,12.08M,-1.32%
16-01-2024,353.45,358.95,360.7,349,14.13M,-1.52%
15-01-2024,358.9,359.65,360.2,353,12.87M,0.32%
12-01-2024,357.75,361.65,361.85,356.55,20.93M,0.13%
11-01-2024,357.3,349.45,360,347.85,33.50M,3.13%
10-01-2024,346.45,342.2,348.75,340.75,23.43M,1.84%
09-01-2024,340.2,341.65,344.85,338.05,14.50M,0.37%
08-01-2024,338.95,344,344,337.35,14.55M,-0.53%
05-01-2024,340.75,339.35,349.7,336.15,37.56M,0.86%
04-01-2024,337.85,326.8,340.8,326.8,26.97M,3.41%
03-01-2024,326.7,329.6,329.6,324.85,9.95M,-0.95%
02-01-2024,329.85,331.7,332.7,319.6,15.69M,-0.14%
01-01-2024,330.3,333.9,335.85,328.15,10.10M,-0.56%
29-12-2023,332.15,330.1,336,326.05,19.91M,0.71%
28-12-2023,329.8,326.6,331,324,16.18M,1.52%
27-12-2023,324.85,327.05,329.9,321.65,10.35M,-0.17%
26-12-2023,325.4,328.55,331.4,325,11.31M,-0.38%
22-12-2023,326.65,331,332,323.55,15.18M,-0.58%
21-12-2023,328.55,318,330.7,312.7,26.39M,2.62%
20-12-2023,320.15,336.7,346.9,318,40.68M,-4.69%
19-12-2023,335.9,338.5,338.5,330.45,11.71M,-0.34%
18-12-2023,337.05,339,340.3,334.4,15.56M,1.16%
15-12-2023,333.2,337.4,338.5,331.8,17.08M,-0.66%
14-12-2023,335.4,340.9,341.9,335,16.56M,-0.81%
13-12-2023,338.15,332.1,340.5,329.75,33.63M,2.22%
12-12-2023,330.8,335,335,327.6,22.63M,-0.85%
11-12-2023,333.65,325.4,335.3,322.35,40.35M,3.12%
08-12-2023,323.55,331.95,335.95,318.1,74.99M,-0.69%
07-12-2023,325.8,295,332.15,292.15,152.38M,10.76%
06-12-2023,294.15,281.55,298.6,280.2,45.93M,4.49%
05-12-2023,281.5,283,283.2,276.5,21.57M,-0.02%
04-12-2023,281.55,285,286,278.9,28.89M,2.01%
01-12-2023,276,270,278.5,268.55,32.16M,3.02%
30-11-2023,267.9,273,273,265.1,20.40M,-2.01%
29-11-2023,273.4,275,275.7,271.5,26.39M,0.96%
28-11-2023,270.8,259.4,271.4,258.5,24.75M,4.90%
24-11-2023,258.15,261.4,261.9,257.05,7.15M,-1.00%
23-11-2023,260.75,262.1,263.75,259.8,5.47M,-0.52%
22-11-2023,262.1,263.4,263.6,259.25,4.54M,-0.21%
21-11-2023,262.65,263.75,265.4,260.75,6.93M,0.69%
20-11-2023,260.85,263.85,264.4,260.1,4.86M,-0.69%
17-11-2023,262.65,262.9,264.95,261.4,6.45M,0.08%
16-11-2023,262.45,259.4,265.5,259.35,13.55M,1.25%
15-11-2023,259.2,259.2,262.25,258.1,8.44M,0.84%
13-11-2023,257.05,252.75,258.5,251.25,10.25M,1.54%
12-11-2023,253.15,253,253.6,252.95,2.57M,0.70%
10-11-2023,251.4,248,251.85,246.85,6.97M,1.37%
09-11-2023,248,254,254,247.2,15.39M,-2.73%
08-11-2023,254.95,252.9,256.35,251.5,13.13M,2.06%
07-11-2023,249.8,249.95,252,248.9,7.07M,0.10%
06-11-2023,249.55,247,251.2,245.6,9.39M,2.02%
03-11-2023,244.6,245.85,246.15,243.9,5.03M,-0.08%
02-11-2023,244.8,238,245.05,238,9.82M,3.33%
01-11-2023,236.9,239.95,240.25,236.3,4.03M,-1.02%
31-10-2023,239.35,240.5,241.85,238.25,6.27M,0.10%
30-10-2023,239.1,238.5,239.9,235,5.66M,0.40%
27-10-2023,238.15,236.15,239,235.5,7.03M,1.60%
26-10-2023,234.4,235,235.35,230.8,9.27M,-0.97%
25-10-2023,236.7,239.85,241.65,233.15,9.56M,-0.65%
23-10-2023,238.25,248.35,248.75,236.3,9.55M,-3.70%
20-10-2023,247.4,251.5,252.4,246.6,7.68M,-1.83%
19-10-2023,252,252.55,252.9,249.5,4.78M,-0.41%
18-10-2023,253.05,257,257.7,251.5,6.00M,-1.50%
17-10-2023,256.9,256.85,259.3,256,6.34M,0.82%
16-10-2023,254.8,254.1,256.85,253.55,6.72M,0.28%
13-10-2023,254.1,254.45,255.9,253.2,4.30M,-0.41%
12-10-2023,255.15,255.4,257.4,254.7,5.38M,0.47%
11-10-2023,253.95,255.2,256.4,253.1,6.25M,0.02%
10-10-2023,253.9,250.5,255,250.5,5.95M,1.56%
09-10-2023,250,255.1,255.95,249.1,11.21M,-3.38%
06-10-2023,258.75,259.5,259.95,258.05,3.83M,0.37%
05-10-2023,257.8,258.6,260.2,256,6.68M,0.45%
04-10-2023,256.65,262.95,262.95,253.5,12.53M,-2.77%
03-10-2023,263.95,262.55,266.5,260.8,7.14M,0.63%
29-09-2023,262.3,259.45,264.75,259.45,10.21M,1.65%
28-09-2023,258.05,262,264.25,257.3,11.27M,-0.65%
27-09-2023,259.75,259.85,260.6,256.55,5.65M,-0.04%
26-09-2023,259.85,257.1,263.75,257,9.19M,1.15%
25-09-2023,256.9,258.2,258.3,255,5.38M,-0.08%
22-09-2023,257.1,257.15,259,254.25,6.83M,0.18%
21-09-2023,256.65,261.95,262,256.05,7.95M,-2.04%
20-09-2023,262,265.35,267,261,9.02M,-1.34%
18-09-2023,265.55,265.4,266.75,262.3,8.43M,0.61%
15-09-2023,263.95,267.1,267.95,263.1,7.61M,-0.43%
14-09-2023,265.1,266.85,268,263.45,7.92M,0.04%
13-09-2023,265,263.5,267.6,261,11.80M,0.88%
12-09-2023,262.7,276,276,260,23.74M,-3.38%
11-09-2023,271.9,274,274,269.15,16.45M,1.13%
08-09-2023,268.85,264.85,276.5,263.7,53.02M,1.95%
07-09-2023,263.7,258,266.35,256.3,17.70M,2.41%
06-09-2023,257.5,261,261.8,254.65,9.25M,-0.37%
05-09-2023,258.45,260.8,262.5,255.65,14.99M,-0.27%
04-09-2023,259.15,257.95,262.3,255.1,18.77M,1.49%
01-09-2023,255.35,246.75,255.95,246.1,28.05M,4.18%
31-08-2023,245.1,248.65,249.75,244.25,11.64M,-0.91%
30-08-2023,247.35,248,250.5,246.9,8.23M,0.18%
29-08-2023,246.9,245,248.5,244.95,7.27M,0.80%
28-08-2023,244.95,246.15,246.9,243.7,7.40M,-0.26%
25-08-2023,245.6,249.65,251.7,243.4,15.08M,-1.66%
24-08-2023,249.75,247,252.8,246.5,28.70M,1.69%
23-08-2023,245.6,244.65,248.5,243.5,23.01M,0.86%
22-08-2023,243.5,242,244.1,239.6,22.42M,1.73%
21-08-2023,239.35,230.65,240.4,230.1,14.52M,4.02%
18-08-2023,230.1,232.5,233.5,229.6,6.81M,-1.03%
17-08-2023,232.5,234.95,235.85,231.9,6.54M,-1.04%
16-08-2023,234.95,230,235.5,228.05,6.72M,1.64%
14-08-2023,231.15,236,236.15,229.1,10.73M,-2.14%
11-08-2023,236.2,238.05,238.35,235.15,6.88M,-0.40%
10-08-2023,237.15,236,241.7,233.5,25.16M,0.96%
09-08-2023,234.9,237,237,232,10.52M,0.43%
08-08-2023,233.9,234.5,236.65,230.5,9.46M,0.47%
07-08-2023,232.8,236.9,237,232.2,7.29M,-1.21%
04-08-2023,235.65,237,237.35,234.5,7.71M,0.08%
03-08-2023,235.45,235.25,237.6,232.55,10.78M,-0.13%
02-08-2023,235.75,244.7,244.7,233.3,22.64M,-3.54%
01-08-2023,244.4,237.4,245.4,236.25,27.54M,3.25%
31-07-2023,236.7,236.55,238.9,235.2,18.68M,0.87%
28-07-2023,234.65,220.9,237.2,220,57.65M,6.22%
27-07-2023,220.9,222.25,222.55,220.5,7.85M,-0.27%
26-07-2023,221.5,220.4,222.4,219.8,8.51M,0.93%
25-07-2023,219.45,217.5,220.5,217.5,7.60M,0.97%
24-07-2023,217.35,218.25,218.75,216.8,4.39M,-0.02%
21-07-2023,217.4,218.15,219.2,216.75,5.72M,-0.34%
20-07-2023,218.15,219.8,220.65,217.75,6.91M,-0.62%
19-07-2023,219.5,221.4,221.4,217.5,14.48M,-0.90%
18-07-2023,221.5,224.2,224.3,220.75,6.70M,-0.89%
17-07-2023,223.5,221.95,224.7,221.25,7.07M,1.11%
14-07-2023,221.05,222.75,222.75,218.55,10.19M,-0.36%
13-07-2023,221.85,227,227.2,220.9,9.39M,-1.97%
12-07-2023,226.3,226.25,227.25,225.2,7.37M,0.35%
11-07-2023,225.5,226,226.85,224.7,5.16M,0.22%
10-07-2023,225,229.25,229.25,224.65,7.14M,-1.32%
07-07-2023,228,229.8,232.35,226.1,16.59M,-0.70%
06-07-2023,229.6,225,230.3,223.55,30.89M,3.56%
05-07-2023,221.7,220.95,223.75,220.55,5.88M,0.48%
04-07-2023,220.65,222.1,223.3,220.2,4.60M,-0.56%
03-07-2023,221.9,222.9,224.2,221.6,5.79M,0.02%
30-06-2023,221.85,219.7,222.5,218.85,9.94M,1.74%
28-06-2023,218.05,219.95,220.95,217.55,8.35M,-0.55%
27-06-2023,219.25,218.9,220.5,218.6,4.69M,0.30%
26-06-2023,218.6,218.3,219.35,216.3,5.14M,0.14%
23-06-2023,218.3,222,222.1,215.7,10.89M,-1.27%
22-06-2023,221.1,224.85,225.15,220.5,6.86M,-1.43%
21-06-2023,224.3,225.25,226,222.6,6.99M,-0.29%
20-06-2023,224.95,223.1,226.35,222.6,11.22M,0.81%
19-06-2023,223.15,223,224.15,221,7.47M,0.40%
16-06-2023,222.25,221.9,223.7,220.9,7.14M,0.75%
15-06-2023,220.6,224.4,224.65,220.15,7.67M,-1.58%
14-06-2023,224.15,222.5,225.25,221.55,10.51M,1.06%
13-06-2023,221.8,221.5,222.8,220.85,6.25M,0.38%
12-06-2023,220.95,221.95,223.55,220.35,6.34M,-0.11%
09-06-2023,221.2,224.6,224.6,220.2,11.05M,0.25%
08-06-2023,220.65,218.95,226.2,218.45,31.06M,1.01%
07-06-2023,218.45,216.6,219.65,214.1,11.39M,0.78%
06-06-2023,216.75,219.8,219.8,215.55,8.30M,-1.05%
05-06-2023,219.05,217,219.4,216.15,8.69M,1.58%
02-06-2023,215.65,216.4,216.9,215,4.91M,0.16%
01-06-2023,215.3,213.95,217,213,6.32M,0.82%
31-05-2023,213.55,216.9,219,212.9,11.30M,-1.54%
30-05-2023,216.9,218,218.45,215,11.98M,-0.05%
29-05-2023,217,213,217.7,211.7,12.96M,2.26%
26-05-2023,212.2,212.25,213.8,210.65,8.48M,0.66%
25-05-2023,210.8,207.2,211.2,206.55,8.71M,1.76%
24-05-2023,207.15,206.65,208,205.55,5.45M,0.12%
23-05-2023,206.9,206.5,207.45,205.5,5.02M,0.34%
22-05-2023,206.2,206,206.9,204.1,5.58M,0.17%
19-05-2023,205.85,206.3,206.5,201.8,9.00M,0.61%
18-05-2023,204.6,209,209.7,204.1,8.25M,-1.52%
17-05-2023,207.75,212.4,212.4,206.85,9.11M,-1.70%
16-05-2023,211.35,208.85,215,208.2,18.20M,1.54%
15-05-2023,208.15,207.65,209.4,206.45,6.74M,0.53%
12-05-2023,207.05,206.85,207.8,206.15,7.30M,0.36%
11-05-2023,206.3,204.5,207.2,204.15,8.99M,1.05%
10-05-2023,204.15,203.5,204.45,202.2,5.03M,0.42%
09-05-2023,203.3,203.75,205.1,202.4,7.96M,0.30%
08-05-2023,202.7,201.5,203.2,199.5,7.72M,1.27%
05-05-2023,200.15,203.9,205.6,199.4,16.34M,-1.82%
04-05-2023,203.85,203.9,204.55,202.1,8.21M,0.02%
03-05-2023,203.8,201.8,204.25,200.45,8.64M,1.02%
02-05-2023,201.75,201.95,202.95,200.4,6.88M,0.32%
28-04-2023,201.1,199.5,201.55,199,7.95M,1.31%
27-04-2023,198.5,198.45,199.95,197.65,5.22M,0.15%
26-04-2023,198.2,197.65,198.95,196.15,4.91M,0.28%
25-04-2023,197.65,195.85,198.8,195.35,5.96M,0.92%
24-04-2023,195.85,196.5,196.7,194.8,5.02M,0.08%
21-04-2023,195.7,196.95,196.95,194.5,4.02M,-0.36%
20-04-2023,196.4,193.55,196.8,193.45,6.09M,1.52%
19-04-2023,193.45,197.55,197.75,193.05,6.75M,-1.93%
18-04-2023,197.25,197.5,198.2,196.15,4.25M,0.15%
17-04-2023,196.95,196.3,197.6,194.8,4.76M,0.33%
13-04-2023,196.3,197.2,197.2,194.25,6.45M,-0.41%
12-04-2023,197.1,198,198.6,195.55,8.18M,-0.23%
11-04-2023,197.55,197,197.9,195.8,4.96M,0.95%
10-04-2023,195.7,195.5,197.75,195.1,7.75M,0.23%
06-04-2023,195.25,193.5,196,192.1,8.90M,0.33%
05-04-2023,194.6,194.65,194.95,192.5,7.80M,0.34%
03-04-2023,193.95,193.35,196.05,192.05,14.93M,1.94%
31-03-2023,190.25,188.5,191.6,187.95,13.52M,2.56%
29-03-2023,185.5,184.5,187.7,183.3,17.48M,0.84%
28-03-2023,183.95,186.7,187.5,182.35,12.02M,-1.45%
27-03-2023,186.65,192.9,194,184.45,22.25M,-3.16%
24-03-2023,192.75,200.1,201.25,192.1,16.01M,-3.67%
23-03-2023,200.1,200,202.2,199.55,5.37M,-0.42%
22-03-2023,200.95,203.35,203.8,200.5,7.56M,-0.67%
21-03-2023,202.3,203,203.6,201.6,4.43M,-0.15%
20-03-2023,202.6,204.5,204.55,200.5,6.10M,-1.24%
17-03-2023,205.15,204.45,206.4,203.65,6.40M,0.86%
16-03-2023,203.4,202.95,204.55,198.85,7.48M,0.22%
15-03-2023,202.95,205,205.45,202.55,5.66M,-0.22%
14-03-2023,203.4,203.85,205.2,201.7,7.28M,0.27%
13-03-2023,202.85,207.05,209.2,202.2,7.25M,-2.83%
10-03-2023,208.75,208.05,209.2,206,5.97M,-0.48%
09-03-2023,209.75,211.75,212.75,209.4,7.48M,-0.71%
08-03-2023,211.25,209.45,211.9,208.1,7.27M,0.45%
06-03-2023,210.3,208.5,212.9,208.1,11.96M,1.23%
03-03-2023,207.75,206.1,209.25,206,9.20M,1.05%
02-03-2023,205.6,204.5,206.3,203.55,6.29M,0.51%
01-03-2023,204.55,203.3,205.4,202.4,6.50M,0.99%
28-02-2023,202.55,200.95,202.95,199.55,6.80M,1.40%
27-02-2023,199.75,201.95,202.3,197.5,12.39M,-1.26%
24-02-2023,202.3,201.9,202.95,201.3,5.21M,0.50%
23-02-2023,201.3,202.8,203.7,200.6,10.72M,-0.49%
22-02-2023,202.3,207.55,207.55,201.6,15.05M,-2.72%
21-02-2023,207.95,204.85,209.75,204.6,15.07M,2.04%
20-02-2023,203.8,204.8,205.35,202.2,7.78M,-0.44%
17-02-2023,204.7,204.5,206.05,204.15,5.94M,-0.22%
16-02-2023,205.15,205.6,206.4,204.5,4.86M,-0.05%
15-02-2023,205.25,202.65,205.65,202.35,6.32M,1.06%
14-02-2023,203.1,203.7,204.5,201.85,5.13M,-0.25%
13-02-2023,203.6,205.3,206.25,202.3,6.84M,-0.59%
10-02-2023,204.8,205.5,206.15,202.85,5.52M,-0.34%
09-02-2023,205.5,207.2,207.65,203.55,6.29M,-0.80%
08-02-2023,207.15,206.3,207.55,204.2,8.26M,0.41%
07-02-2023,206.3,209.5,210,205,8.10M,-1.08%
06-02-2023,208.55,209,212.85,206.75,17.91M,1.58%
03-02-2023,205.3,207.5,208.2,202,10.62M,-0.48%
02-02-2023,206.3,204.95,208.8,204,9.84M,0.22%
01-02-2023,205.85,214.9,215.4,196.65,19.02M,-3.31%
31-01-2023,212.9,205.5,214.65,204.45,16.81M,4.18%
30-01-2023,204.35,203.45,205.8,201.35,10.34M,0.99%
27-01-2023,202.35,202.5,203.85,196.65,13.52M,0.45%
25-01-2023,201.45,205.85,206.25,200.85,9.68M,-2.14%
24-01-2023,205.85,207.05,208.15,205.5,6.55M,-0.56%
23-01-2023,207,207.75,208,206.7,4.64M,-0.10%
20-01-2023,207.2,205.35,208.5,205.1,6.36M,0.93%
19-01-2023,205.3,206.95,207.5,205.05,4.98M,-1.06%
18-01-2023,207.5,207.65,208.35,207.3,4.56M,-0.10%
17-01-2023,207.7,206.9,208.5,206,5.68M,0.36%
16-01-2023,206.95,207.3,208.25,206.15,4.40M,0.24%
13-01-2023,206.45,205.7,206.8,204.15,5.80M,0.36%
12-01-2023,205.7,206.4,206.8,203.8,6.17M,-0.07%
11-01-2023,205.85,206.85,207.3,205.15,7.06M,-0.10%
10-01-2023,206.05,206.65,207.8,204.7,8.25M,-0.07%
09-01-2023,206.2,206.45,207.15,205.2,6.63M,0.39%
06-01-2023,205.4,207.6,208.75,204.1,9.60M,-1.06%
05-01-2023,207.6,209.6,209.75,205.15,10.27M,-0.24%
04-01-2023,208.1,211,211.35,205.85,14.23M,-1.54%
03-01-2023,211.35,212,213,210,7.24M,-0.24%
02-01-2023,211.85,208.75,212.2,208.2,7.75M,2.00%
30-12-2022,207.7,207.4,210,207,7.37M,0.90%
29-12-2022,205.85,208.8,208.8,205,15.37M,-1.15%
28-12-2022,208.25,207.35,210.3,206.8,8.92M,0.26%
27-12-2022,207.7,206.8,208.3,204.8,11.85M,2.24%
26-12-2022,203.15,197.3,204.65,194.6,18.20M,3.17%
23-12-2022,196.9,206.2,207.9,196,20.82M,-5.74%
22-12-2022,208.9,214.9,215.3,206.55,14.02M,-2.29%
21-12-2022,213.8,218.4,219.4,212.5,9.74M,-1.86%
20-12-2022,217.85,216.8,218.5,214.6,6.42M,0.48%
19-12-2022,216.8,218,218,214.9,9.30M,-0.25%
16-12-2022,217.35,221,222.5,216.05,10.35M,-2.01%
15-12-2022,221.8,222.65,224.8,221.05,7.91M,-0.40%
14-12-2022,222.7,219.8,223.2,219.4,9.18M,1.76%
13-12-2022,218.85,218.8,220.3,217.8,7.27M,0.53%
12-12-2022,217.7,219.75,219.75,215.7,8.86M,-0.77%
09-12-2022,219.4,225.9,226.5,217.5,13.09M,-2.51%
08-12-2022,225.05,226,227.3,224.8,7.51M,-0.35%
07-12-2022,225.85,228.8,229.6,225.4,7.55M,-1.29%
06-12-2022,228.8,224.2,230.3,223.5,20.07M,2.05%
05-12-2022,224.2,225.25,225.85,222.35,10.75M,-0.47%
02-12-2022,225.25,225.45,226.35,223.85,7.22M,0.18%
01-12-2022,224.85,225.25,227.15,223.6,7.83M,0.02%
30-11-2022,224.8,223.55,225.4,222.65,8.82M,0.60%
29-11-2022,223.45,225,225.45,222.9,6.17M,-0.51%
28-11-2022,224.6,224.1,226.45,223.3,7.39M,0.22%
25-11-2022,224.1,221.2,224.85,220.35,8.06M,1.52%
24-11-2022,220.75,221,221.7,219.6,6.61M,-0.02%
23-11-2022,220.8,221.5,222.25,220.5,5.97M,0.14%
22-11-2022,220.5,221.05,222,219.05,7.11M,-0.41%
21-11-2022,221.4,220.45,222.4,218.4,6.23M,0.43%
18-11-2022,220.45,222.35,222.85,218.7,7.72M,-0.43%
17-11-2022,221.4,224.7,224.9,221,10.68M,-1.42%
16-11-2022,224.6,229.5,230,222.25,10.66M,-2.14%
15-11-2022,229.5,228.45,230.25,228,6.43M,0.79%
14-11-2022,227.7,230.05,230.4,226.8,7.31M,-0.89%
11-11-2022,229.75,232,232,229.2,7.26M,0.24%
10-11-2022,229.2,231.2,233.4,228.5,8.94M,-0.93%
09-11-2022,231.35,230.1,234.5,228.85,16.63M,0.96%
07-11-2022,229.15,228.35,230.4,226.9,9.57M,0.37%
04-11-2022,228.3,227.7,229.4,226.75,8.68M,0.40%
03-11-2022,227.4,228.2,229.5,225.75,9.10M,-0.72%
02-11-2022,229.05,230,231.8,227.8,9.48M,-0.67%
01-11-2022,230.6,226.5,231.35,226.5,16.98M,2.04%
31-10-2022,226,228.1,229,224.2,22.70M,0.42%
28-10-2022,225.05,227,227.7,222.55,13.14M,-0.35%
27-10-2022,225.85,221.8,226.9,221.1,12.78M,2.36%
25-10-2022,220.65,219.1,222.9,217.65,9.04M,0.75%
24-10-2022,219,221,221.15,218.3,2.89M,0.18%
21-10-2022,218.6,221.25,222.25,217.55,8.15M,-1.00%
20-10-2022,220.8,217.85,221.3,216.1,7.89M,1.10%
19-10-2022,218.4,221.4,221.65,217.55,7.71M,-1.02%
18-10-2022,220.65,219.05,222,218.65,10.27M,1.24%
17-10-2022,217.95,215,218.5,213.85,9.42M,0.95%
14-10-2022,215.9,220,220.6,215.5,8.74M,-0.12%
13-10-2022,216.15,217.95,218.9,213.5,9.56M,-0.83%
12-10-2022,217.95,218,219.4,215.05,9.50M,0.37%
11-10-2022,217.15,220.4,222.25,216.5,9.01M,-1.45%
10-10-2022,220.35,220,220.75,217.1,9.52M,-0.97%
07-10-2022,222.5,221.65,222.9,218.75,11.10M,0.36%
06-10-2022,221.7,221,223.25,220.25,10.57M,1.21%
04-10-2022,219.05,216.8,219.95,216.2,11.17M,2.77%
03-10-2022,213.15,216.5,218,211.8,10.86M,-1.55%
30-09-2022,216.5,212.2,217.1,210.25,13.01M,2.00%
29-09-2022,212.25,216.15,218,210.5,18.74M,-0.77%
28-09-2022,213.9,215,216.85,212.75,12.10M,-1.66%
27-09-2022,217.5,217.3,219.85,214.45,14.10M,1.02%
26-09-2022,215.3,222.8,223.55,212.5,22.68M,-4.10%
23-09-2022,224.5,231.25,232.35,223.55,16.14M,-3.09%
22-09-2022,231.65,229.1,233.5,227.45,19.65M,0.19%
21-09-2022,231.2,235.5,236.6,230.35,14.18M,-1.72%
20-09-2022,235.25,235,237.5,234.15,10.38M,1.25%
19-09-2022,232.35,237.5,237.95,231.9,14.02M,-1.67%
16-09-2022,236.3,246.9,247.75,232.65,58.04M,-3.71%
15-09-2022,245.4,242.35,246.9,239.9,19.21M,1.61%
14-09-2022,241.5,237.45,244.15,236.65,24.23M,0.19%
13-09-2022,241.05,243.9,244.9,240.05,13.87M,-0.72%
12-09-2022,242.8,243.7,245.2,241.7,10.32M,0.19%
09-09-2022,242.35,246.5,247,241.2,12.29M,-1.04%
08-09-2022,244.9,249.55,250.1,243.6,14.95M,-0.83%
07-09-2022,246.95,246.95,251.15,245.2,30.47M,-0.16%
06-09-2022,247.35,237.65,248,237.2,61.48M,4.61%
05-09-2022,236.45,235.45,238.4,235.2,10.50M,0.53%
02-09-2022,235.2,238.45,239.5,234.45,12.35M,-0.84%
01-09-2022,237.2,235.05,240.25,234.4,14.69M,0.11%
30-08-2022,236.95,234,237.5,234,13.42M,1.85%
29-08-2022,232.65,227.15,233.7,227.1,14.10M,-1.04%
26-08-2022,235.1,231,236.4,230.85,19.40M,2.53%
25-08-2022,229.3,230.6,233.2,228.65,13.81M,-0.13%
24-08-2022,229.6,230.95,232.8,227.5,14.52M,-0.80%
23-08-2022,231.45,222.75,232.1,221.65,19.12M,3.26%
22-08-2022,224.15,232.65,232.65,222.85,20.96M,-3.65%
19-08-2022,232.65,238.85,241.9,232,23.10M,-2.23%
18-08-2022,237.95,236.95,239.8,235.9,15.24M,0.27%
17-08-2022,237.3,238.45,241.8,236.6,23.76M,0.55%
16-08-2022,236,233.65,237.5,231.4,18.79M,1.55%
12-08-2022,232.4,230,235.7,228.6,23.31M,1.31%
11-08-2022,229.4,229.9,231.35,228.35,9.20M,0.39%
10-08-2022,228.5,229.5,230.4,227.15,11.39M,0.11%
08-08-2022,228.25,232.05,232.85,227.7,11.85M,-1.66%
05-08-2022,232.1,228.65,233.25,227.7,33.23M,1.95%
04-08-2022,227.65,233.8,234.8,225.3,20.98M,-2.09%
03-08-2022,232.5,232,237.3,231.05,25.61M,-0.06%
02-08-2022,232.65,230,233.6,227.2,20.23M,1.00%
01-08-2022,230.35,222.3,231.25,221.6,22.01M,3.81%
29-07-2022,221.9,220.2,222.65,218.85,19.01M,1.72%
28-07-2022,218.15,220.4,221.45,216.9,22.72M,0.07%
27-07-2022,218,220.9,223.95,215.5,33.68M,-3.60%
26-07-2022,226.15,233,233.5,225.1,11.54M,-2.73%
25-07-2022,232.5,231.4,233.35,229.5,10.17M,0.71%
22-07-2022,230.85,230.2,234,230.2,12.46M,0.33%
21-07-2022,230.1,226.7,230.9,226.5,11.22M,1.10%
20-07-2022,227.6,230,230.6,226.8,10.16M,-0.18%
19-07-2022,228,226.65,229.5,226.5,7.72M,0.09%
18-07-2022,227.8,226.95,228.9,225.5,11.04M,1.24%
15-07-2022,225,221.9,226.2,221.65,13.19M,1.65%
14-07-2022,221.35,222.9,223.25,219.15,11.03M,0.27%
13-07-2022,220.75,222,223.25,219.85,11.09M,-0.34%
12-07-2022,221.5,219.85,224.2,219.1,14.29M,0.34%
11-07-2022,220.75,219,221.9,218.3,15.00M,0.32%
08-07-2022,220.05,217.7,220.85,214.75,17.94M,2.56%
07-07-2022,214.55,215.95,216.3,212.3,14.83M,0.26%
06-07-2022,214,212.5,214.75,210.1,13.02M,0.56%
05-07-2022,212.8,214.5,217.1,212,18.21M,0.64%
04-07-2022,211.45,207.7,212.8,207.2,14.71M,2.15%
01-07-2022,207,202.7,207.65,200.6,15.81M,2.37%
30-06-2022,202.2,207.3,209.25,201.4,16.16M,-2.46%
29-06-2022,207.3,206.1,209.7,205.75,12.18M,-0.65%
28-06-2022,208.65,206.1,209.15,204.9,13.32M,0.24%
27-06-2022,208.15,209.9,211.6,207.65,18.53M,0.12%
24-06-2022,207.9,204.9,208.75,203.7,16.79M,2.44%
23-06-2022,202.95,201.3,204.9,198.65,20.18M,0.82%
22-06-2022,201.3,203.7,204.6,199,19.10M,-1.59%
21-06-2022,204.55,197.8,207.75,192.5,40.39M,4.95%
20-06-2022,194.9,211.8,212.9,190,46.01M,-7.32%
17-06-2022,210.3,209.8,213.95,207.05,20.45M,0.24%
16-06-2022,209.8,222.4,223.3,209,22.49M,-4.18%
15-06-2022,218.95,221,222.3,218.3,11.82M,-0.66%
14-06-2022,220.4,214.7,224.4,214.65,16.24M,0.41%
13-06-2022,219.5,223.45,226.35,218.9,19.19M,-4.67%
10-06-2022,230.25,231.4,232.4,229,9.62M,-1.20%
09-06-2022,233.05,232,234.7,231.4,10.24M,0.02%
08-06-2022,233,235.95,236.4,231.1,13.24M,-0.75%
07-06-2022,234.75,230.9,235.5,229.75,14.99M,1.08%
06-06-2022,232.25,231,233.6,227.55,11.69M,0.52%
03-06-2022,231.05,236.3,236.85,230.2,11.43M,-1.35%
02-06-2022,234.2,232,235.9,231.3,13.30M,0.62%
01-06-2022,232.75,233.6,236.2,230.55,14.81M,-1.02%
31-05-2022,235.15,232.9,237.6,231.3,21.54M,0.81%
30-05-2022,233.25,227.9,233.9,227,19.67M,3.83%
27-05-2022,224.65,225.7,226.8,222.7,16.16M,1.45%
26-05-2022,221.45,222.95,224.3,210.2,34.96M,0.25%
25-05-2022,220.9,229,229.9,220,16.19M,-2.69%
24-05-2022,227,230.2,231.4,224.75,17.64M,-1.22%
23-05-2022,229.8,234.95,235.9,228.75,16.64M,-1.48%
20-05-2022,233.25,232.5,236,230.25,18.29M,2.10%
19-05-2022,228.45,229.5,232.6,226.35,23.70M,-3.89%
18-05-2022,237.7,243.35,243.35,236.5,25.00M,-1.43%
17-05-2022,241.15,228.95,242.5,227.85,34.74M,6.42%
16-05-2022,226.6,224.9,227.65,220.5,22.19M,1.71%
13-05-2022,222.8,225,229.2,221.3,33.11M,1.71%
12-05-2022,219.05,225.8,227.05,217.05,29.32M,-3.29%
11-05-2022,226.5,222.8,229.8,219.5,35.10M,1.96%
10-05-2022,222.15,229.95,234.5,220.65,30.27M,-3.41%
09-05-2022,230,235,236.5,223.05,60.96M,-6.20%
06-05-2022,245.2,243,247,240.65,28.04M,-0.93%
05-05-2022,247.5,248.95,251.3,244.95,24.30M,1.04%
04-05-2022,244.95,249.85,254.2,242.85,30.78M,-1.43%
02-05-2022,248.5,240,249.65,238.4,26.54M,2.54%
29-04-2022,242.35,250.9,253.2,240.85,26.23M,-2.38%
28-04-2022,248.25,250.9,250.9,244.4,20.91M,0.36%
27-04-2022,247.35,247.8,255.25,245.5,32.03M,-0.60%
26-04-2022,248.85,251.15,251.45,248.05,17.97M,0.61%
25-04-2022,247.35,248,251.55,244.7,24.62M,-2.27%
22-04-2022,253.1,258,259,252.3,30.57M,-2.22%
21-04-2022,258.85,253,260.2,250.7,40.62M,3.69%
20-04-2022,249.65,250,254.7,246.55,41.57M,1.30%
19-04-2022,246.45,260.5,262,242.5,53.48M,-4.44%
18-04-2022,257.9,267.9,267.9,252,89.82M,-5.57%
13-04-2022,273.1,278.6,280.3,272.3,31.46M,-0.75%
12-04-2022,275.15,283.35,283.35,271.6,44.77M,-2.74%
11-04-2022,282.9,281,288.45,280.35,47.97M,1.73%
08-04-2022,278.1,280.9,282.8,273.05,64.35M,0.11%
07-04-2022,277.8,292.35,298.05,276,151.17M,-4.14%
06-04-2022,289.8,275.95,296.5,273.1,227.55M,5.92%
05-04-2022,273.6,253.85,275.25,252.1,94.57M,8.59%
04-04-2022,251.95,247.15,253.55,246.1,39.38M,2.65%
01-04-2022,245.45,237.65,246.35,237.1,25.67M,2.85%
31-03-2022,238.65,242.9,242.9,237.65,13.96M,-1.26%
30-03-2022,241.7,240.95,244.9,237.75,22.89M,1.09%
29-03-2022,239.1,243.6,244.9,238.5,20.06M,-0.21%
28-03-2022,239.6,242.55,244,237.45,14.84M,-0.73%
25-03-2022,241.35,240,244.3,239.2,24.29M,0.77%
24-03-2022,239.5,234,241,232.95,31.53M,2.22%
23-03-2022,234.3,232.35,237.45,231.65,29.51M,1.25%
22-03-2022,231.4,229.1,231.9,226.3,14.89M,1.51%
21-03-2022,227.95,232.95,233.4,227.35,12.36M,-1.64%
17-03-2022,231.75,233.6,233.95,231.3,16.45M,0.56%
16-03-2022,230.45,230,231.7,229.05,12.43M,1.34%
15-03-2022,227.4,231.95,233.3,225.3,16.15M,-1.79%
14-03-2022,231.55,233.1,234.65,230.55,12.07M,-0.69%
11-03-2022,233.15,231.9,234.25,230.3,18.16M,0.39%
10-03-2022,232.25,235,235.85,229.9,25.46M,1.31%
09-03-2022,229.25,229.1,231.2,226.3,25.44M,1.01%
08-03-2022,226.95,215,227.8,214.6,41.11M,4.97%
07-03-2022,216.2,217,219.7,212.25,23.50M,-2.37%
04-03-2022,221.45,225,226.45,220.8,22.43M,-2.27%
03-03-2022,226.6,229,230.55,225.9,22.43M,0.53%
02-03-2022,225.4,220,227.25,218.4,28.30M,1.05%
28-02-2022,223.05,217.5,224.35,214.1,35.51M,1.39%
25-02-2022,220,210,221.3,209.55,52.16M,7.68%
24-02-2022,204.3,213,216.15,203.25,60.10M,-7.64%
23-02-2022,221.2,226,226.8,220.35,23.58M,-0.65%
22-02-2022,222.65,218,224.85,217.3,29.36M,-1.04%
21-02-2022,225,224,227.65,222.25,24.66M,-0.33%
18-02-2022,225.75,227,230,224.65,18.72M,-0.88%
17-02-2022,227.75,233.35,233.85,227,23.38M,-1.56%
16-02-2022,231.35,233.4,236.9,230.1,35.14M,0.41%
15-02-2022,230.4,222.75,231.75,218.8,36.31M,4.49%
14-02-2022,220.5,226,226.85,216,38.30M,-5.08%
11-02-2022,232.3,240,242.05,230.2,36.05M,-3.73%
10-02-2022,241.3,238.5,244.5,234.1,55.15M,1.39%
09-02-2022,238,236.7,238.9,232.6,35.60M,1.34%
08-02-2022,234.85,252.5,253.6,232.6,82.05M,-6.73%
07-02-2022,251.8,255.5,256.7,250.55,32.77M,-1.00%
04-02-2022,254.35,253.8,257.9,253,39.31M,0.59%
03-02-2022,252.85,250.55,254.4,249.3,27.72M,0.90%
02-02-2022,250.6,251.9,255,249.25,25.16M,0.30%
01-02-2022,249.85,249.5,256.4,244.8,74.19M,1.54%
31-01-2022,246.05,247.95,249.55,245.3,24.94M,0.82%
28-01-2022,244.05,244.7,250,242.85,34.52M,1.24%
27-01-2022,241.05,235.5,242.35,232.5,35.92M,0.94%
25-01-2022,238.8,226.25,240.85,223,39.45M,4.03%
24-01-2022,229.55,242.5,243.85,226.6,43.28M,-5.13%
21-01-2022,241.95,245.8,250.8,238.55,35.51M,-2.69%
20-01-2022,248.65,250,252.15,245.15,35.99M,0.06%
19-01-2022,248.5,239,249.7,236.05,36.75M,3.93%
18-01-2022,239.1,250,250.6,237.8,30.41M,-3.53%
17-01-2022,247.85,245.9,249.25,245,25.34M,1.41%
14-01-2022,244.4,243.7,248.5,242.5,36.94M,-0.37%
13-01-2022,245.3,239,246.7,236.5,50.25M,3.18%
12-01-2022,237.75,234.9,239.65,234.5,32.67M,1.99%
11-01-2022,233.1,233,236.7,231.8,25.49M,0.58%
10-01-2022,231.75,230.95,233.45,230.4,22.06M,0.85%
07-01-2022,229.8,230.3,232.85,227.1,34.60M,0.59%
06-01-2022,228.45,221.45,229.8,219.5,27.54M,2.21%
05-01-2022,223.5,226.4,226.55,223,17.27M,-1.24%
04-01-2022,226.3,224.3,228.25,221,32.47M,1.30%
03-01-2022,223.4,221.2,223.9,216,19.06M,1.11%
31-12-2021,220.95,218.9,222,218.35,12.74M,1.19%
30-12-2021,218.35,218.7,221,217.05,14.32M,-0.50%
29-12-2021,219.45,221,223.25,218.85,14.50M,-0.97%
28-12-2021,221.6,218.7,222.2,218.5,19.06M,1.96%
27-12-2021,217.35,216.6,217.75,213.8,15.87M,0.25%
24-12-2021,216.8,219.05,219.45,214.15,18.77M,-0.57%
23-12-2021,218.05,220,221.25,217.45,16.94M,0.02%
22-12-2021,218,214.5,218.7,213.3,21.66M,2.88%
21-12-2021,211.9,213,216.25,209.85,33.01M,1.34%
20-12-2021,209.1,210.5,211.95,202.8,47.94M,-3.10%
17-12-2021,215.8,222.7,222.7,214,38.81M,-2.75%
16-12-2021,221.9,229.8,230.05,219.15,40.65M,-2.61%
15-12-2021,227.85,229,232.4,227.05,20.13M,-0.52%
14-12-2021,229.05,230,230,225.5,24.70M,-0.52%
13-12-2021,230.25,230.1,236.5,229,40.38M,0.99%
10-12-2021,228,226.4,229.9,225.4,26.36M,0.13%
09-12-2021,227.7,229.9,230.9,226.8,23.52M,-0.74%
08-12-2021,229.4,228,230.8,227,30.35M,1.30%
07-12-2021,226.45,224,227.75,222.75,36.29M,2.54%
06-12-2021,220.85,225.6,226.6,220.1,34.40M,-2.11%
03-12-2021,225.6,226.8,228.3,224.35,48.15M,-0.35%
02-12-2021,226.4,230.45,230.45,221.2,78.57M,0.53%
01-12-2021,225.2,220,227.3,215,67.13M,3.87%
30-11-2021,216.8,221.95,228.25,213.1,222.57M,-0.85%
29-11-2021,218.65,226,226.75,213.25,83.19M,-3.83%
26-11-2021,227.35,238,240.3,225.75,80.11M,-6.36%
25-11-2021,242.8,239.45,244.4,234,51.78M,1.78%
24-11-2021,238.55,240,246.7,237.3,67.85M,0.68%
23-11-2021,236.95,223.95,238,222.2,61.16M,4.09%
22-11-2021,227.65,238.4,238.4,224,62.46M,-3.99%
18-11-2021,237.1,250.4,252.05,232.45,82.05M,-5.12%
17-11-2021,249.9,244.5,252.5,243,58.88M,2.21%
16-11-2021,244.5,242.15,247.65,241.5,47.78M,1.18%
15-11-2021,241.65,241.85,244,239.3,32.58M,0.75%
12-11-2021,239.85,242,242.4,236,42.04M,0.04%
11-11-2021,239.75,237.5,241.3,235.55,50.43M,1.16%
10-11-2021,237,241.4,241.4,236.3,47.85M,-2.03%
09-11-2021,241.9,235,247.95,234.65,103.89M,3.13%
08-11-2021,234.55,233,235.65,228.75,53.88M,1.38%
04-11-2021,231.35,231.8,233.15,230.6,14.86M,1.11%
03-11-2021,228.8,230,230.9,226.2,49.97M,0.13%
02-11-2021,228.5,228,235,227.25,91.60M,2.49%
01-11-2021,222.95,219.95,225.2,214.4,59.69M,4.04%
29-10-2021,214.3,210.5,217.7,201.4,115.03M,-1.70%
28-10-2021,218,224.8,224.8,216.6,64.73M,-2.79%
27-10-2021,224.25,231.5,232.7,222.7,78.58M,-0.47%
26-10-2021,225.3,215.05,232.3,214.25,113.04M,5.48%
25-10-2021,213.6,224.6,224.9,208,92.06M,-3.78%
22-10-2021,222,228.5,233.8,216,85.76M,-1.84%
21-10-2021,226.15,234,234.4,220.55,82.39M,-1.82%
20-10-2021,230.35,225,236.3,217.5,219.29M,0.26%
19-10-2021,229.75,266,267.85,221.5,245.77M,-10.71%
18-10-2021,257.3,227.5,264.85,223.1,273.59M,15.59%
14-10-2021,222.6,235,237,220.7,126.94M,-0.71%
13-10-2021,224.2,201.65,232.4,200,305.04M,14.50%
12-10-2021,195.8,194.9,198.7,189.8,104.95M,2.25%
11-10-2021,191.5,177.85,193.7,177,126.31M,8.28%
08-10-2021,176.85,180.15,180.2,175,43.37M,-0.51%
07-10-2021,177.75,178.35,184,176.85,73.31M,1.02%
06-10-2021,175.95,182.85,182.85,172.8,101.23M,-1.92%
05-10-2021,179.4,169,184.75,168.35,161.19M,6.41%
04-10-2021,168.6,166.25,172.5,164,93.79M,2.96%
01-10-2021,163.75,158.75,164.95,156.6,90.31M,3.15%
30-09-2021,158.75,152.5,161.2,151.3,111.30M,4.72%
29-09-2021,151.6,139.8,158.75,138.9,126.75M,8.25%
28-09-2021,140.05,140,142.85,139.05,29.20M,0.94%
27-09-2021,138.75,140.3,140.4,136.75,18.19M,-0.25%
24-09-2021,139.1,145,145.35,138.7,29.04M,-3.17%
23-09-2021,143.65,139.2,144.9,138.75,42.89M,4.21%
22-09-2021,137.85,136.95,139.65,136.4,21.32M,1.47%
21-09-2021,135.85,134.75,136.3,131.2,22.53M,1.15%
20-09-2021,134.3,137.6,139.35,133.2,21.54M,-2.61%
17-09-2021,137.9,140.85,141.5,136.1,27.56M,-1.68%
16-09-2021,140.25,140,142,138.5,24.49M,0.14%
15-09-2021,140.05,133.1,142.3,132.8,68.92M,5.30%
14-09-2021,133,131.5,133.3,131.3,13.31M,1.49%
13-09-2021,131.05,132.75,132.75,130.4,13.77M,-1.28%
09-09-2021,132.75,133.2,134.3,131.75,14.45M,-0.38%
08-09-2021,133.25,130.6,133.5,129.5,16.35M,2.46%
07-09-2021,130.05,132.4,132.55,129.25,14.56M,-1.63%
06-09-2021,132.2,134.4,134.6,132,14.30M,-1.23%
03-09-2021,133.85,134.05,135.45,133.25,19.00M,0.19%
02-09-2021,133.6,133.85,134.8,132.6,25.28M,0.15%
01-09-2021,133.4,129.7,134.25,128.7,31.17M,3.37%
31-08-2021,129.05,130.3,130.7,128.25,24.30M,-0.08%
30-08-2021,129.15,128.4,130.1,128,17.55M,1.49%
27-08-2021,127.25,125.65,127.6,125.2,12.71M,1.27%
26-08-2021,125.65,126.45,126.6,124.55,16.97M,-0.32%
25-08-2021,126.05,126.4,127.5,125.5,18.14M,0.12%
24-08-2021,125.9,125,126.6,123.65,22.81M,0.76%
23-08-2021,124.95,127.1,127.85,121.7,30.43M,-0.99%
20-08-2021,126.2,129,130.2,125.25,27.40M,-3.26%
18-08-2021,130.45,131.7,131.8,130.1,18.08M,-0.50%
17-08-2021,131.1,132.1,132.95,128.5,21.76M,-0.76%
16-08-2021,132.1,132.55,134.05,131.65,17.47M,-0.34%
13-08-2021,132.55,134.35,134.5,132,23.72M,-0.82%
12-08-2021,133.65,130.25,134.2,129.85,31.90M,3.12%
11-08-2021,129.6,130.3,131.65,126.5,32.22M,-0.35%
10-08-2021,130.05,132.45,133.75,127.05,31.53M,-1.51%
09-08-2021,132.05,137,137,130.3,66.87M,-2.29%
06-08-2021,135.15,135.25,136.8,134.3,47.74M,0.45%
05-08-2021,134.55,132.15,135.4,129.6,39.95M,2.20%
04-08-2021,131.65,133,134.65,130.1,33.76M,-0.72%
03-08-2021,132.6,134.4,135.5,132.2,50.46M,-0.64%
02-08-2021,133.45,126.55,134,125.55,102.36M,6.76%
30-07-2021,125,122.6,126.65,122.3,30.16M,1.83%
29-07-2021,122.75,120.75,124,120.7,16.37M,1.99%
28-07-2021,120.35,121.45,121.85,118.4,19.45M,-0.66%
27-07-2021,121.15,122.8,123.75,120.2,16.29M,-1.18%
26-07-2021,122.6,123,123.75,122.1,14.84M,-0.24%
23-07-2021,122.9,124.9,125.45,122.6,18.34M,-0.65%
22-07-2021,123.7,123.4,124.2,122.4,20.89M,1.56%
20-07-2021,121.8,125.65,126.35,121.2,48.82M,-3.18%
19-07-2021,125.8,126.25,128.45,124.6,65.61M,1.33%
16-07-2021,124.15,125.4,125.4,123.65,13.48M,-0.24%
15-07-2021,124.45,124.85,126.5,124.15,22.52M,-0.08%
14-07-2021,124.55,125,126,124.1,23.28M,0.40%
13-07-2021,124.05,124.2,125.25,122.95,19.32M,0.20%
12-07-2021,123.8,126,126.3,123.45,26.73M,-0.52%
09-07-2021,124.45,123,124.8,121.7,24.08M,0.85%
08-07-2021,123.4,124.1,126.85,122.4,33.87M,-0.36%
07-07-2021,123.85,123,124.5,122.15,19.77M,0.69%
06-07-2021,123,126,126.5,122.05,31.06M,-2.30%
05-07-2021,125.9,121.95,126.9,121.75,61.61M,4.09%
02-07-2021,120.95,122,122.6,120.6,22.79M,-0.33%
01-07-2021,121.35,122.8,122.8,121,18.57M,-0.61%
30-06-2021,122.1,123.4,123.9,121.7,30.10M,-0.57%
29-06-2021,122.8,122.95,124.75,121.75,30.98M,0.20%
28-06-2021,122.55,122,123.5,120.8,27.62M,1.20%
25-06-2021,121.1,119.9,122.6,119.55,25.95M,1.89%
24-06-2021,118.85,120.75,121.45,118.2,28.01M,-1.57%
23-06-2021,120.75,122.5,123.2,120.55,29.34M,-0.58%
22-06-2021,121.45,124.2,125.1,120.9,44.25M,-1.50%
21-06-2021,123.3,118.2,124,117.95,44.59M,1.52%
18-06-2021,121.45,124.35,124.7,116.95,73.97M,-2.02%
17-06-2021,123.95,123.95,126.9,122.3,73.80M,-1.59%
16-06-2021,125.95,122,127.9,120.15,84.45M,3.11%
15-06-2021,122.15,125,125.6,121.7,45.45M,-1.01%
14-06-2021,123.4,126.25,126.25,116.6,86.33M,-1.83%
11-06-2021,125.7,128.75,128.75,124.25,62.53M,-1.49%
10-06-2021,127.6,128,130.4,125.1,140.35M,2.37%
09-06-2021,124.65,120.75,132.7,119,360.66M,6.49%
08-06-2021,117.05,114.4,119.2,114,93.02M,3.26%
07-06-2021,113.35,109,115,108.3,95.36M,4.81%
04-06-2021,108.15,109.1,109.1,107,19.05M,-0.46%
03-06-2021,108.65,110,110.5,107.9,38.36M,0.51%
02-06-2021,108.1,104.5,108.4,104.35,31.24M,3.30%
01-06-2021,104.65,106.4,106.4,103.7,25.04M,-1.69%
31-05-2021,106.45,105.3,106.95,103.8,29.74M,1.04%
28-05-2021,105.35,107.2,107.5,105.1,19.97M,-0.94%
27-05-2021,106.35,106.1,107,104.9,21.20M,0.24%
26-05-2021,106.1,108,108.3,105.8,26.77M,-1.26%
25-05-2021,107.45,108.3,109.35,106.65,35.29M,0.14%
24-05-2021,107.3,105.6,107.95,104.5,41.53M,2.29%
21-05-2021,104.9,103.85,106,103.3,27.00M,1.89%
20-05-2021,102.95,105.2,105.45,102.45,19.49M,-1.25%
19-05-2021,104.25,105.05,107,103.9,31.39M,-1.04%
18-05-2021,105.35,105,107.35,104.65,40.67M,1.84%
17-05-2021,103.45,102.5,104.3,101.65,40.41M,1.92%
14-05-2021,101.5,106.35,108,101,66.64M,-4.78%
12-05-2021,106.6,110.35,110.55,105.15,61.95M,-2.51%
11-05-2021,109.35,109,111.15,107.1,64.74M,-0.55%
10-05-2021,109.95,103.75,110.5,103.2,70.03M,7.06%
07-05-2021,102.7,103.85,103.95,102.25,28.79M,-0.19%
06-05-2021,102.9,102.55,104.65,101.6,35.15M,0.88%
05-05-2021,102,102.4,102.95,100.25,25.42M,0.94%
04-05-2021,101.05,100.6,103.4,100,55.56M,1.20%
03-05-2021,99.85,97.95,100.4,96.35,37.40M,1.01%
30-04-2021,98.85,96.95,101.4,96.25,40.13M,1.23%
29-04-2021,97.65,98.9,100.2,97.45,39.81M,-0.31%
28-04-2021,97.95,98.6,99.15,97.65,32.35M,-0.05%
27-04-2021,98,96.95,98.45,96.4,26.89M,1.77%
26-04-2021,96.3,95.7,97.15,95.5,24.55M,0.68%
23-04-2021,95.65,94.2,96.9,93.55,40.94M,1.49%
22-04-2021,94.25,94,95,92.4,34.19M,0.69%
20-04-2021,93.6,96,96,92.4,35.63M,-0.21%
19-04-2021,93.8,92.4,94.95,91.8,43.66M,-3.45%
16-04-2021,97.15,95,97.95,94.05,49.52M,3.19%
15-04-2021,94.15,94.7,96.7,93.3,38.85M,-1.77%
13-04-2021,95.85,92.3,96.3,91.55,76.86M,3.96%
12-04-2021,92.2,101,101,89.9,125.89M,-11.43%
09-04-2021,104.1,105.35,106.2,103,35.35M,-0.81%
08-04-2021,104.95,105,106.75,104.7,36.91M,0.48%
07-04-2021,104.45,104.35,105.65,103.5,36.22M,-0.24%
06-04-2021,104.7,103.8,107.35,102.45,56.71M,1.31%
05-04-2021,103.35,105,105.5,100.45,48.34M,-1.62%
01-04-2021,105.05,103.9,105.5,103.55,34.64M,1.74%
31-03-2021,103.25,103.65,105.85,102.85,35.70M,-0.34%
30-03-2021,103.6,105.35,105.35,102.8,47.45M,0.14%
26-03-2021,103.45,100.95,104.35,100,78.99M,4.87%
25-03-2021,98.65,101.8,102.2,96.6,78.18M,-2.57%
24-03-2021,101.25,103,105.6,100.85,49.60M,-3.16%
23-03-2021,104.55,104.95,105.95,104,41.89M,-0.19%
22-03-2021,104.75,104.9,106.5,103.8,74.91M,0.58%
19-03-2021,104.15,100,104.75,96.3,119.00M,3.58%
18-03-2021,100.55,104.6,106.6,96,102.67M,-2.66%
17-03-2021,103.3,109.2,110.5,102.4,64.24M,-5.83%
16-03-2021,109.7,112,112.3,109.1,50.28M,-1.66%
15-03-2021,111.55,114,114.15,108,101.46M,-1.50%
12-03-2021,113.25,108.4,114.5,107,162.83M,5.50%
10-03-2021,107.35,109.1,109.25,105.8,43.85M,0.33%
09-03-2021,107,110,110.65,104.7,51.80M,-1.88%
08-03-2021,109.05,108.9,111.85,108.2,57.27M,1.58%
05-03-2021,107.35,110.7,110.7,104,75.02M,-1.78%
04-03-2021,109.3,103.8,114,102.75,147.43M,3.85%
03-03-2021,105.25,104.6,105.5,102.5,85.27M,4.88%
02-03-2021,100.35,100,100.8,98,67.11M,2.50%
01-03-2021,97.9,96.6,99.5,95.55,62.13M,2.89%
26-02-2021,95.15,94.8,96.4,93,50.70M,-0.89%
25-02-2021,96,94.9,97.65,94.35,70.94M,2.07%
24-02-2021,94.05,92.85,94.5,92.05,27.56M,2.17%
23-02-2021,92.05,90.7,93.4,89.8,43.93M,2.16%
22-02-2021,90.1,90.95,92.5,89,38.20M,-1.10%
19-02-2021,91.1,93.4,94.85,89.35,69.54M,-2.15%
18-02-2021,93.1,91.75,94.05,90.2,48.62M,2.20%
17-02-2021,91.1,90.9,92.45,89.8,66.95M,0.94%
16-02-2021,90.25,87.4,91,86.6,45.83M,4.09%
15-02-2021,86.7,88,88.9,86.35,28.37M,-0.69%
12-02-2021,87.3,88,88.5,86,18.85M,-0.57%
11-02-2021,87.8,88.7,89.15,87.5,18.48M,-0.34%
10-02-2021,88.1,88.05,89.95,86.35,57.06M,1.09%
09-02-2021,87.15,90.15,90.45,86.45,37.09M,-3.17%
08-02-2021,90,88,91.65,87.5,70.15M,2.92%
05-02-2021,87.45,91.45,91.65,85,98.50M,-2.40%
04-02-2021,89.6,84.95,90.5,84.45,94.51M,6.41%
03-02-2021,84.2,84.15,85.5,82.25,41.82M,0.72%
02-02-2021,83.6,81.5,84.1,79.65,47.96M,4.63%
01-02-2021,79.9,76.4,81.2,74.5,45.91M,5.97%
29-01-2021,75.4,78.55,78.6,75,28.39M,-2.20%
28-01-2021,77.1,75,77.9,74.45,40.10M,1.51%
27-01-2021,75.95,79.65,79.8,75.65,47.06M,-4.16%
25-01-2021,79.25,84,84,78,55.67M,-0.19%
22-01-2021,79.4,82.9,83.1,77.95,42.93M,-4.34%
21-01-2021,83,85.5,85.7,82.2,16.89M,-2.12%
20-01-2021,84.8,85.6,86.45,84.15,19.48M,-0.70%
19-01-2021,85.4,82.75,85.7,82.6,25.47M,4.02%
18-01-2021,82.1,85.85,85.85,81,31.48M,-4.03%
15-01-2021,85.55,86.4,88,84.35,35.42M,-0.47%
14-01-2021,85.95,86.1,87.15,84.9,20.62M,0.12%
13-01-2021,85.85,86.9,87.65,83.75,37.27M,-0.23%
12-01-2021,86.05,83,87.3,82.65,43.67M,3.30%
11-01-2021,83.3,83.6,83.95,82.15,25.58M,0.30%
08-01-2021,83.05,84.35,84.6,82.6,41.18M,1.47%
07-01-2021,81.85,83.15,83.65,81.5,35.22M,-0.73%
06-01-2021,82.45,82,83.5,80.75,46.16M,1.60%
05-01-2021,81.15,78,82.2,77.9,46.18M,2.40%
04-01-2021,79.25,78.05,79.65,77.5,23.71M,2.46%
01-01-2021,77.35,76,77.75,75.8,19.04M,2.25%
